,CODE,TITLE,AU,PREREQUISITE
0,AB0601 ,COMMUNICATION MANAGEMENT FUNDAMENTALS ,2.0 AU,
1,AB0901 ,PRINCIPLES OF ECONOMICS: A SINGAPORE PERSPECTIVE* ,3.0 AU,
2,AB1000 ,CAREER FOUNDATIONS I ,1.0 AU,
3,AB1201 ,FINANCIAL MANAGEMENT* ,3.0 AU,
4,AB1202 ,STATISTICS & ANALYSIS* ,3.0 AU,
5,AB1301 ,BUSINESS LAW* ,3.0 AU,
6,AB1401 ,TECHNOLOGICAL INNOVATIONS & DEVELOPMENTS* ,3.0 AU,AB1402(Corequisite)
7,AB1402 ,FOUNDATIONAL EXCEL* ,1.0 AU,
8,AB1501 ,MARKETING* ,3.0 AU,
9,AB1601 ,ORGANISATIONAL BEHAVIOUR & DESIGN* ,3.0 AU,
10,AC1101 ,ACCOUNTING I ,4.0 AU,
11,AC1102 ,ACCOUNTING II ,4.0 AU,AC1101 OR AB1101 OR AA101
12,AB0602 ,COMMUNICATION MANAGEMENT STRATEGIES ,4.0 AU,AB114 OR AB0601
13,AB2000 ,CAREER FOUNDATIONS II ,1.0 AU,AB1000
14,AC2101 ,ACCOUNTING RECOGNITION & MEASUREMENT ,4.0 AU,AA102 OR AB1102 OR AC1102
15,AC2104 ,ASSURANCE & AUDITING ,4.0 AU,AB1102 OR AC1102
16,AC2105 ,ACCOUNTING FOR DECISION MAKING & CONTROL ,4.0 AU,AA101 OR AB1101 OR AC1101
17,AC2301 ,PRINCIPLES OF TAXATION* ,4.0 AU,AA101 OR AB1101 OR AC1101 OR AD1101
18,AC2302 ,COMPANY LAW & CORPORATE GOVERNANCE* ,4.0 AU,AB107 OR AB1301
19,AC2401 ,ACCOUNTING INFORMATION SYSTEMS* ,4.0 AU,AB113 OR AB1401
20,GC0001 ,SUSTAINABILITY: SEEING THROUGH THE HAZE ,1.0 AU,
21,HY0001 ,ETHICS & MORAL REASONING ,1.0 AU,
22,AB3601 ,STRATEGIC MANAGEMENT* ,4.0 AU,AB105 & AB112 OR AB1501 & AB1601 OR AB105 & AB1601 OR AB112 & AB1501
23,AC3102 ,RISK REPORTING & ANALYSIS ,4.0 AU,AA201 OR AC2101
24,AC3103 ,ACCOUNTING ANALYSIS & EQUITY VALUATION ,4.0 AU,AA201 OR AC2101
25,AC3104 ,RISK MANAGEMENT & ADVANCED AUDITING ,4.0 AU,AC2101(Corequisite) & AC2104 & AC2401(Corequisite)
26,ET0001 ,ENTERPRISE & INNOVATION ,1.0 AU,
54,DA9012 ,MEDIA ART NEXUS* ,3.0 AU,
55,DD0000 ,WRITING NARRATIVES FOR CREATIVE MEDIA ,3.0 AU,
56,DD0002 ,THE CONTEMPORARY CREATIVE & CULTURAL INDUSTRY OF SINGAPORE ,3.0 AU,
57,DD1003 ,INTRODUCTION TO HISTORIES OF ART I* ,3.0 AU,
58,DD2000 ,INTRODUCTION TO THE HISTORIES OF SOUTHEAST ASIAN ART* ,3.0 AU,DD1003 OR ADM131 & ADM132
59,DD3005 ,"SURVEY OF MODERN ART,1900-1945* ",4.0 AU,
60,DD3006 ,ART IN THE AGE OF COLONIALISM* ,4.0 AU,DD2000 OR DD1004 OR ADM132
61,DF3001 ,CINEMATOGRAPHY FOR VISUAL EFFECTS* ,3.0 AU,FIL210 OR DF2003 OR FL8001 (Min Grade :B)
62,DF9001 ,THE ART OF LIGHTING* ,3.0 AU,
63,DM3012 ,OPEN SOURCE STUDIO: INTERNET ART & CULTURE* ,4.0 AU,
64,DM8001 ,WEB DESIGN* ,3.0 AU,
65,DN1001 ,FOUNDATION DRAWING ,3.0 AU,
66,DN1002 ,FOUNDATION 2D ,3.0 AU,
67,DN1003 ,FOUNDATION 3D ,3.0 AU,
68,DN1004 ,FOUNDATION 4D ,3.0 AU,
69,DP2008 ,EXPERIMENTAL PHOTOGRAPHY* ,3.0 AU,
70,DR2001 ,PRODUCT DESIGN I* ,3.0 AU,
71,DR2005 ,COMPUTER AIDED DESIGN WORKSHOP I* ,3.0 AU,
72,DR2008 ,USER EXPERIENCE IN DESIGN* ,3.0 AU,
73,DR2009 ,PRODUCTS IN ASIAN CULTURAL CONTEXT* ,3.0 AU,
74,DR2011 ,HUMAN FACTORS FOR DESIGN* ,3.0 AU,
75,DR2013 ,FURNITURE DESIGN I* ,3.0 AU,
76,DR2014 ,"WEARABLE TECHNOLOGY, FASHION & DESIGN* ",3.0 AU,
77,DT2000 ,BASIC PRINCIPLES OF MOTION* ,3.0 AU,
78,DT2004 ,GRAPHIC STORYTELLING* ,3.0 AU,
79,DT2009 ,STORYBOARDING & PRODUCTION DESIGN* ,3.0 AU,
80,DT2013 ,FUNDAMENTALS OF IMMERSIVE 360 DEGREES & VR EXPERIENCES* ,3.0 AU,
81,DT3009 ,CINEMATIC CONCEPTS & MOTION CAPTURE APPLICATIONS ,3.0 AU,DT2001
82,DV2002 ,ILLUSTRATION FOR DESIGNERS* ,3.0 AU,
83,DV2008 ,INTERFACE DESIGN* ,3.0 AU,
84,DV3003 ,SPATIAL DESIGN* ,3.0 AU,
85,HD0102 ,MAKING SENSE OF BIG DATA ,3.0 AU,
86,HW0001 ,INTRODUCTION TO ACADEMIC COMMUNICATION ,.0 AU,
87,HW0209 ,"ACADEMIC COMMUNICATION FOR ARTS, DESIGN & MEDIA STUDIES ",2.0 AU,
88,DA2000 ,APPLIED DRAWING* ,3.0 AU,
89,DA2001 ,PAINTING* ,3.0 AU,
92,DD2003 ,ISSUES IN ART HISTORY & THEORY* ,3.0 AU,
93,DD2007 ,THE ART & ARCHITECTURE OF 'THE LONG CENTURY':1789-1914* ,3.0 AU,
96,DD3013 ,FROM MODERN TO POST-MODERN: ART 1945-1985* ,3.0 AU,
97,DD8002 ,WAYS OF SEEING: EXPLORING VISUAL CULTURE* ,3.0 AU,
98,DF2009 ,HISTORY OF WORLD CINEMA*# ,3.0 AU,
100,DF3002 ,DOCUMENTARY FILMMAKING* ,3.0 AU,
101,DF8000 ,SURVEY OF EXPERIMENTAL FILM*# ,3.0 AU,
102,DM2000 ,INTERACTIVE I* ,3.0 AU,
103,DP2000 ,PHOTO IMAGING I: BLACK & WHITE FILM PHOTOGRAPHY* ,3.0 AU,
104,DP2001 ,DIGITAL PHOTOGRAPHY* ,3.0 AU,
105,DP2002 ,HISTORY OF PHOTOGRAPHY* ,3.0 AU,
114,DT2007 ,HISTORY OF ANIMATION* ,3.0 AU,
116,DT2011 ,STOP MOTION* ,3.0 AU,
117,DT2012 ,DIGITAL PAINTING* ,3.0 AU,
119,DT2016 ,3D CHARACTER ANIMATION ,3.0 AU,DT2000 & DT2001
120,DT3000 ,ADVANCED DRAWN ANIMATION ,3.0 AU,DT2000 OR ANI210
137,DV2009 ,DESIGN IN MOTION* ,3.0 AU,
156,DD3016 ,HISTORY OF DESIGN* ,3.0 AU,
157,DD8008 ,FAITH & ART*# ,3.0 AU,
160,DM2007 ,INTERACTIVE II* ,3.0 AU,INT210 OR DM2000
161,DM2008 ,PROGRAMMING FOR INTERACTION* ,3.0 AU,
169,DV2000 ,TYPOGRAPHY I* ,3.0 AU,
170,DV2001 ,VISUAL COMMUNICATION I* ,3.0 AU,
172,DV2004 ,TYPOGRAPHY II ,3.0 AU,VIS210 OR DV2000
173,DV2005 ,VISUAL COMMUNICATION II ,3.0 AU,VIS220 OR DV2001
175,DV3002 ,EDITORIAL DESIGN ,3.0 AU,VIS260 OR DV2004 & DV2005
177,DV3005 ,CREATIVE BRAND DESIGN* ,3.0 AU,DV2004 & DV3000 OR DV2004 & DV3010
178,DV3010 ,VISUAL COMMUNICATION III ,3.0 AU,DV2005
290,DF2012 ,ADVANCED SCREENWRITING* ,3.0 AU,DF2005 OR HZ9205 OR CS4024
413,DF2000 ,DIGITAL FILM PRODUCTION I* ,3.0 AU,
414,DF2003 ,CINEMATOGRAPHY I* ,3.0 AU,
415,DF2005 ,WRITING FOR FILM* ,3.0 AU,
417,DF2011 ,SOUND FOR FILM* ,3.0 AU,
420,DF3012 ,FILM DIRECTING ,3.0 AU,DF2000 & DF2005
423,DP2006 ,PRINCIPLES OF LIGHTING ,3.0 AU,DN1012 OR DP2000
425,DP3000 ,PROFESSIONAL DIRECTIONS IN PHOTOGRAPHY ,3.0 AU,PHO210 & PHO260 OR DP2000 & DP2005
426,DP3010 ,MOVING IMAGE FOR STILL PHOTOGRAPHERS ,3.0 AU,DP2000 & DP2005 OR PHO210 & PHO260
431,DT2001 ,3D PRODUCTION* ,3.0 AU,
438,DT3004 ,RIGGING FOR ANIMATION* ,3.0 AU,DT2001 OR ANI220
624,HW0188 ,ENGINEERING COMMUNICATION I ,2.0 AU,HW0001(Corequisite)
625,HW0288 ,ENGINEERING COMMUNICATION II ,2.0 AU,Year 3 standing HW0188 (Not Applicable to IEM)
627,MA1001 ,DYNAMICS ,3.0 AU,FE1012 (Min Grade :I) & MH1810 (Min Grade :I) OR MH1810 (Min Grade :I) & PH1011 (Min Grade :I) OR MH2812 (Min Grade :I) & PH1011 (Min Grade :I) OR CY1201 (Min Grade :I) & PH1011 (Min Grade :I) OR MH1810 (Min Grade :I) & PH1012 (Min Grade :I) OR CY1201 (Min Grade :I) & PH1012 (Min Grade :I) OR CY1305 (Min Grade :I) & MH1810 (Min Grade :I) OR CY1201 (Min Grade :I) & CY1305 (Min Grade :I) OR MH2812 (Min Grade :I) & PH1012 (Min Grade :I) OR CY1305 (Min Grade :I) & MH2812 (Min Grade :I) OR FE1012 (Min Grade :I) & MH2812 (Min Grade :I) OR CY1201 (Min Grade :F) & FE1012 (Min Grade :F) OR FE1011 (Min Grade :F) & MH1810 (Min Grade :F) OR FE1011 (Min Grade :I) & MH2812 (Min Grade :I) OR CY1201 (Min Grade :I) & FE1011 (Min Grade :I) OR MH2810 (Min Grade :I) & PH1011 (Min Grade :I) OR MH2810 (Min Grade :I) & PH1012 (Min Grade :I)
628,MA1008 ,INTRODUCTION TO COMPUTATIONAL THINKING ,3.0 AU,
629,MA1701 ,INTRODUCTION TO AEROSPACE ENGINEERING ,3.0 AU,
630,MA2001 ,MECHANICS OF MATERIALS ,3.0 AU,
631,MA2003 ,INTRODUCTION TO THERMO-FLUIDS ,3.0 AU,
632,MH1810 ,MATHEMATICS 1 ,3.0 AU,
633,MH2810 ,MATHEMATICS A ,4.0 AU,
634,ML0001 ,ABSOLUTE BASICS FOR CAREER ,1.0 AU,
635,ML0002 ,CAREER POWER UP! ,1.0 AU,ML0001
636,ML0003 ,KICKSTART YOUR CAREER SUCCESS ,1.0 AU,
637,PH1011 ,PHYSICS ,3.0 AU,
638,PH1012 ,PHYSICS A ,4.0 AU,
648,MA2005 ,ENGINEERING GRAPHICS ,3.0 AU,
649,MA2006 ,ENGINEERING MATHEMATICS ,3.0 AU,FE1006 & FE1007 OR MH1810 & MH1811 OR FE1006 & MH1811 OR FE1007 & MH1810 OR CY1203 OR MH2812 OR CY1602 OR MH2810
650,MA2007 ,THERMODYNAMICS ,3.0 AU,MA2003
651,MA2072 ,LABORATORY EXPERIMENTS (AE) ,1.0 AU,
652,MA2701 ,FLIGHT PERFORMANCE ,2.0 AU,MA1001 & MA1700
653,MA3001 ,MACHINE ELEMENT DESIGN ,3.0 AU,MA2001 (Min Grade :I) & MA2002 (Min Grade :I)
664,MA0101 ,ENGINEERS & SOCIETY ,3.0 AU,
667,MA3003 ,HEAT TRANSFER ,3.0 AU,MA2007 OR MP2303
668,MA3006 ,FLUID MECHANICS ,3.0 AU,MA2003
669,MA3072 ,ENGINEERING EXPERIMENTS (AE) ,1.0 AU,
670,MA3700 ,AIRCRAFT STRUCTURES I ,3.0 AU,MA2001
671,MA3701 ,AERODYNAMICS ,3.0 AU,MA2003
672,MA3702 ,AIRCRAFT PROPULSION ,3.0 AU,MA2007
673,MA3703 ,FLIGHT DYNAMICS ,2.0 AU,MA2701 & MA3705
674,MA3704 ,AIRCRAFT ELECTRICAL DEVICES ,3.0 AU,
675,MA3705 ,AEROSPACE CONTROL THEORY ,3.0 AU,MA2006 (Min Grade :I)
688,MA4002 ,FLUID DYNAMICS ,3.0 AU,MA3006 OR MP2303 & MP2305 OR MP2003 & MP2005
689,MA4701 ,AIRCRAFT DESIGN ,3.0 AU,MA3701 & MA3702 & MA3703
690,MA4702 ,AIRCRAFT STRUCTURES II ,3.0 AU,MA2001 & MA3700
691,MA4704 ,AEROELASTICITY ,3.0 AU,MA3700 & MA3701
692,MA4705 ,AIRCRAFT NAVIGATION & FLIGHT COMPUTERS ,3.0 AU,MH1811 OR FE1007 OR CY1203 OR MH2812 OR MH2810 OR CY1602
693,MA4804 ,OPTIMIZATION THEORY & APPLICATIONS ,3.0 AU,MH1810 OR CY1201 OR MH2810
694,MA4814 ,COMPUTATIONAL FLUID DYNAMICS ,3.0 AU,MA3006 & MH1811 OR MH2812 OR CY1203 OR CY1602 OR MH2810
695,MA4849 ,OPERATIONS RESEARCH* ,3.0 AU,
696,MA4881 ,AIR TRAFFIC MANAGEMENT ,3.0 AU,
702,BG1101 ,INTRODUCTION TO BIOMEDICAL ENGINEERING ,2.0 AU,
703,BG1103 ,CHEMISTRY FOR ENGINEERS ,3.0 AU,
704,BG1131 ,MOLECULAR CELL BIOLOGY FOR BIOMEDICAL ENGINEERS ,4.0 AU,
705,BG1801 ,BIOENGINEERING LAB 1A ,1.0 AU,
706,BG2104 ,ELECTRONICS FOR BIOMEDICAL ENGINEERS ,3.0 AU,BG1102 OR PH1011 OR PH1012 OR FE1011 OR FE1012
707,BG2111 ,COMPUTATIONAL METHODS IN BIOMEDICAL ENGINEERING ,4.0 AU,
708,BG2112 ,CARDIOVASCULAR ENGINEERING ,4.0 AU,BG1117
709,BG2131 ,BIOMATERIALS ,3.0 AU,BG1105
710,BG2141 ,MECHANICS OF MATERIALS ,3.0 AU,FE1011 OR PH1011 OR PH1012 OR FE1012
711,BG2211 ,INTRODUCTION TO COMPUTATIONAL THINKING ,3.0 AU,MH1810
712,BG2801 ,BIOENGINEERING LAB 2A ,1.0 AU,
713,BG3102 ,CONTROL IN BIOSYSTEMS ,3.0 AU,BG1006 OR BG1117 & MH1810
714,BG3103 ,SIGNAL PROCESSING IN BIOSYSTEMS ,3.0 AU,
715,BG3104 ,BIOMEDICAL IMAGING ,3.0 AU,
716,BG3105 ,BIOMEDICAL INSTRUMENTATION ,3.0 AU,
717,BG3801 ,BIOENGINEERING LAB 3 ,1.0 AU,
718,CH2010 ,ENGINEERING STATISTICS ,3.0 AU,MH1810
774,BG0491 ,ENGINEERS & SOCIETY ,3.0 AU,
791,BG4102 ,MEDICAL DEVICE DESIGN ,3.0 AU,BG3105
792,BG4103 ,BIOMEDICAL PROJECT DESIGN & MANAGEMENT ,4.0 AU,
793,BG4215 ,BIOMEDICAL NANOTECHNOLOGY* ,3.0 AU,
794,BG4231 ,ADVANCED BIOMATERIALS* ,3.0 AU,
795,BG4801 ,FINAL YEAR PROJECT ,8.0 AU,
805,BS1001 ,INTRODUCTORY BIOLOGY*# ,3.0 AU,
806,BS1003 ,ORGANIC CHEMISTRY ,3.0 AU,
807,BS1008 ,BIOSTATISTICS* ,3.0 AU,
808,BS1101 ,BASICS OF TCM ,6.0 AU,
809,BS2101 ,ANATOMY ,4.0 AU,BS1001
810,BS3018 ,PLANT BIOLOGY* ,3.0 AU,
811,ES4201 ,ENVIRONMENTAL MANAGEMENT & VALUATION* ,3.0 AU,ES2201 & ES2202
812,ES4301 ,CONSERVATION BIOLOGY & BIODIVERSITY* ,3.0 AU,AAB20D & ES2301 & ES3301 OR ES2301 & ES2303 & ES3301
814,BS0004 ,INTRODUCTION TO DATA SCIENCE ,3.0 AU,BS1008 & BS1009
815,BS2001 ,PHYSIOLOGY* ,3.0 AU,CM1051 passed in AY2015 onwards can use to replace BS1001 BS101 OR BS1001 OR CY1001
816,BS2002 ,MICROBIOLOGY* ,3.0 AU,CM1051 passed in AY2015 onwards can use to replace BS1001 BS101 OR BS1001 OR CY1001
817,BS2015 ,VIROLOGY ,3.0 AU,BS2002(Corequisite)
818,BS2100 ,MOLECULAR & CELL BIOLOGY TECHNIQUES LEVEL 2 ,3.0 AU,BS1100
819,BS2102 ,CHINESE MATERIA MEDICA ,6.0 AU,BS1101
820,BS2103 ,TCM DIAGNOSTICS ,6.0 AU,O level Chinese BS1101
824,HW0128 ,SCIENTIFIC COMMUNICATION I ,2.0 AU,HW0001(Corequisite)
826,BS3001 ,NEUROBIOLOGY ,3.0 AU,
828,BS3023 ,REGULATORY CONTROL OF HEALTHCARE PRODUCTS & MEDICAL DEVICES ,3.0 AU,
829,BS3024 ,EVOLUTION IN HEALTH & DISEASE* ,3.0 AU,BS1006 OR ES2301
830,BS3101 ,TREATISE ON EXOGENOUS FEBRILE DISEASES ,6.0 AU,BS1101 OR BS2102 OR BS2103 OR BS2106
831,BS3103 ,TCM INTERNSHIP II ,3.0 AU,BS1101 & BS2103
832,BS3108 ,ACUPUNCTURE & MOXIBUSTION ,6.0 AU,
837,BS1002 ,BIOPHYSICAL CHEMISTRY* ,3.0 AU,
840,BS1200 ,UNDERSTANDING SINGAPORE HEALTHCARE SYSTEM ,3.0 AU,
841,ES3302 ,TROPICAL ECOLOGY* ,3.0 AU,AAB20D OR ES2303
842,ES4303 ,MARINE & AQUATIC ECOLOGY* ,3.0 AU,AAB20D OR ES2303
843,HE9091 ,PRINCIPLES OF ECONOMICS*# ,3.0 AU,
848,BS2003 ,BIOCHEMISTRY II ,3.0 AU,BS1005 OR BS104
852,BS211S ,EQUATIONS OF LIFE^ ,3.0 AU,
857,BS0001 ,BIOLOGY & SOCIETY# ,3.0 AU,
859,BS3003 ,DEVELOPMENTAL BIOLOGY ,3.0 AU,BS2004 OR AAB20A
860,BS3004 ,CANCER BIOLOGY & THERAPY ,3.0 AU,BS203 & BS821 OR BS2004
861,BS3014 ,BIOLOGICAL FOUNDATIONS OF BEHAVIOR ,3.0 AU,
863,BS3021 ,BIOIMAGING TECHNIQUES IN EM* ,3.0 AU,
866,BS3027 ,SPECTROSCOPIC METHODS IN BIOMEDICAL STRUCTURAL BIOLOGY* ,3.0 AU,
867,BS3032 ,ENVIRONMENTAL MICROBIOLOGY ,3.0 AU,BS2002
868,BS3033 ,DATA SCIENCE FOR BIOLOGISTS ,3.0 AU,BS1008
869,BS3338 ,UAEB II - EFFECT OF ANTI-MITOTIC DRUGS ON CANCER CELLS ,3.0 AU,BS1007
870,BS3342 ,UAEB II -ROLE OF ACTIN CYTOSKELETON REGULATORS IN METASTASIS ,3.0 AU,BS1007
871,BS3348 ,UAEB WORKSHOP - FIELD STUDIES IN FUNCTIONAL PLANT ECOLOGY ,3.0 AU,BS3018 OR ES2303
872,BS3349 ,UAEB WORKSHOP (SERIES II) - INTRODUCTION TO R PROGRAMMING ,3.0 AU,BS0004
873,BS4002 ,CURRENT TOPICS IN CELL BIOLOGY ,3.0 AU,BS1007
874,BS4004 ,CURRENT TOPICS IN IMMUNOLOGY ,3.0 AU,BS2004 & BS2007
875,BS4223 ,PROFESSIONAL CAREER DEVELOPMENT ,1.0 AU,ML0002(Corequisite)
881,BS4010 ,SYNTHETIC BIOLOGY ,3.0 AU,
882,BS4015 ,PLANT BIOTECHNOLOGY ,3.0 AU,BS3018
883,BS4017 ,HIGH-THROUGHPUT BIOINFORMATICS ,3.0 AU,
893,HP1000 ,INTRODUCTION TO PSYCHOLOGY* ,3.0 AU,
894,HP1100 ,FUNDAMENTALS OF SOCIAL SCIENCE RESEARCH* ,3.0 AU,
895,HP2200 ,BIOLOGICAL PSYCHOLOGY* ,3.0 AU,HP1000 & HP1100 OR CS2008 (Applicable to PSMA) & HP1000 (Applicable to PSMA)
896,HP2500 ,PERSONALITY & INDIVIDUAL DIFFERENCES* ,3.0 AU,HP1000 & HP1100 OR CS2008 (Applicable to PSMA) & HP1000 (Applicable to PSMA)
910,HP3201 ,EVOLUTIONARY PSYCHOLOGY* ,3.0 AU,HP1000 & HP2200
911,HP3203 ,CONSERVATION PSYCHOLOGY* ,3.0 AU,HP1000 & HP1100 OR CS2008 & HP1000
912,HP3302 ,COGNITIVE DEVELOPMENT* ,3.0 AU,HP1000 & HP1100 & HP2100 & HP2300 & HP2600 OR CS2008 (Applicable to PSMA) & HP1000 (Applicable to PSMA) & HP2100 (Applicable to PSMA) & HP2300 (Applicable to PSMA) & HP2600 (Applicable to PSMA)
913,HP3703 ,HEALTH PSYCHOLOGY* ,3.0 AU,HP1000 & HP1100 OR CS2008 (Applicable to PSMA) & HP1000 (Applicable to PSMA)
914,HP3802 ,PERSONNEL PSYCHOLOGY* ,3.0 AU,HP1000 & HP1100 OR CS2008 (Applicable to PSMA) & HP1000 (Applicable to PSMA)
915,HP3806 ,CONSUMER PSYCHOLOGY* ,3.0 AU,HP1000 & HP1100 OR CS2008 (Applicable to PSMA) & HP1000 (Applicable to PSMA)
916,HP3807 ,OCCUPATIONAL HEALTH PSYCHOLOGY* ,3.0 AU,HP1000 & HP1100 OR CS2008 (Applicable to PSMA) & HP1000 (Applicable to PSMA)
917,HP3901 ,CULTURAL PSYCHOLOGY* ,3.0 AU,HP1000 & HP1100 OR CS2008 (Applicable to PSMA) & HP1000 (Applicable to PSMA)
930,AD1101 ,FINANCIAL ACCOUNTING* ,4.0 AU,
931,BE1401 ,BUSINESS OPERATIONS & PROCESS* ,4.0 AU,
938,AD2101 ,MANAGEMENT ACCOUNTING* ,4.0 AU,AD1101 OR AB1101 OR AC1101
939,BA2202 ,MATHEMATICS OF FINANCE* ,4.0 AU,
940,BA2203 ,STATISTICAL MODELLING* ,4.0 AU,AB103 OR AB1202
941,BE2601 ,"MANAGEMENT PRINCIPLES, SKILLS & COMPETENCIES* ",4.0 AU,AB105 OR AB1601
945,AB9601 ,NEGOTIATE TO GET WHAT YOU WANT: STRATEGY & PRACTICE* ,4.0 AU,
946,AB9602 ,LEADERSHIP IN ORGANISATIONS* ,4.0 AU,
948,BA3201 ,LIFE CONTINGENCIES & DEMOGRAPHY* ,4.0 AU,BA211 OR BA2204
949,BA3203 ,ACTUARIAL ASPECTS OF ASSET VALUATION* ,4.0 AU,BA211 OR BA2204
950,BE2501 ,INTERNATIONAL BUSINESS ENVIRONMENT* ,4.0 AU,AB106 OR AB0901
951,BE2502 ,INNOVATION MARKETING* ,4.0 AU,AB1501 OR BU8501
952,BL9301 ,LAW OF COMMERCIAL TRANSACTIONS ,4.0 AU,
953,BL9304 ,NEGOTIATION & DISPUTE RESOLUTION ,4.0 AU,AB107 OR AB1301
959,BF2201 ,INVESTMENTS* ,4.0 AU,AB102 OR AB1201 OR BU8201 (Min Grade :B+) OR RE8005
960,BF2207 ,INTERNATIONAL FINANCE* ,4.0 AU,AB1201 OR RE8005 OR BU8201 (Min Grade :B+)
961,BF2209 ,DERIVATIVE SECURITIES* ,4.0 AU,BF2201
962,BF2213 ,INTRODUCTION TO COMPLIANCE* ,4.0 AU,AB1201 OR BU8201 (Min Grade :B+)
963,BF3201 ,CORPORATE FINANCE & STRATEGY* ,4.0 AU,AB102 OR AB1201 OR RE8005 OR BU8201 (Min Grade :B+)
964,BF3204 ,FINANCIAL MODELLING* ,4.0 AU,BF2201
965,BF3207 ,ALTERNATIVE INVESTMENTS* ,4.0 AU,BF2201
981,BC0401 ,PROGRAMMING FOR BUSINESS ANALYTICS ,3.0 AU,
982,BC2402 ,DESIGNING & DEVELOPING DATABASES* ,4.0 AU,
983,BC2406 ,ANALYTICS I: VISUAL & PREDICTIVE TECHNIQUES* ,4.0 AU,
984,BC3405 ,LEAN OPERATIONS & ANALYTICS* ,4.0 AU,AB1202
985,BC3406 ,BUSINESS ANALYTICS CONSULTING ,4.0 AU,AB1202 & BC2402 & BC2406 & BC2407(Corequisite)
987,BT2403 ,SERVICES OPERATIONS MANAGEMENT* ,4.0 AU,
990,MH3510 ,REGRESSION ANALYSIS* ,4.0 AU,MAS215 & MAS315 OR MTH214 & MTH351 OR MH2500 & MH3500
991,MH4320 ,COMPUTATIONAL ECONOMICS* ,4.0 AU,MH1200 & MH2500
992,MH4510 ,STATISTICAL LEARNING & DATA MINING* ,4.0 AU,MAS215 & MAS315 & MAS316 & MAS317 OR MTH214 & MTH351 & MTH352 & MTH353 OR MH2500 & MH3500 & MH3510 & MH3511
993,MH4513 ,SURVIVAL ANALYSIS* ,4.0 AU,MAS215 & MAS315 OR MTH214 & MTH351 OR MH2500 & MH3500 & MH3510
994,MH4700 ,NUMERICAL ANALYSIS II* ,4.0 AU,MAS314 & MAS321 OR MAS321 & MTH317 OR MAS314 & MTH316 OR MTH316 & MTH317 OR MH3110 & MH3700
995,MH4701 ,MATHEMATICAL PROGRAMMING* ,4.0 AU,MH2100 & MH3701 OR MH1803 & MH3701
996,MH4702 ,PROBABILISTIC METHODS IN OPERATIONS RESEARCH* ,4.0 AU,MH2500 & MH3512 & MH3701
1024,BF2101 ,FINANCIAL STATEMENT ANALYSIS* ,4.0 AU,AB1201 OR BU8201 (Min Grade :B+)
1026,BF2206 ,WEALTH MANAGEMENT* ,4.0 AU,AB102 OR AB1201 OR BU8201 (Min Grade :B+)
1031,BF3203 ,EQUITY SECURITIES* ,4.0 AU,AB1201 OR BU8201 (Min Grade :B+)
1085,BH2601 ,STRATEGIC HR MANAGEMENT & CONSULTING* ,4.0 AU,AB103 & AB105 OR AB1202 & AB1601
1086,BH2603 ,TALENT SOURCING & ACQUISITION* ,4.0 AU,AB103 & AB105 OR AB1202 & AB1601
1087,BH3601 ,TALENT DEVELOPMENT & MANAGEMENT* ,4.0 AU,AB105 & BH226 OR AB1601 & BH2601
1088,BH3603 ,CULTURAL INTELLIGENCE AT WORK* ,4.0 AU,AB105 OR AB1601
1119,BF2217 ,COMMODITY MARKETS* ,3.0 AU,
1120,BF2301 ,INTERNATIONAL TAX & TRADING LAW* ,3.0 AU,
1121,BF3211 ,COMMODITIES TRADING & RISK MANAGEMENT* ,3.0 AU,
1122,BF3214 ,COMMODITIES TRADING* ,2.0 AU,
1123,BF4001 ,INDUSTRY SEMINAR ,1.0 AU,
1140,MT1003 ,TRADE PRACTICE & INCOTERMS ,3.0 AU,
1145,BM2501 ,MARKET BEHAVIOUR* ,4.0 AU,AB112 OR AB1501
1146,BM2502 ,MARKET INTELLIGENCE* ,4.0 AU,AB112 OR AB1501
1147,BM2505 ,MARKETING CHANNELS* ,4.0 AU,AB112 OR AB1501
1148,BM2506 ,DIGITAL MARKETING:CONNECTING WITH CUSTOMERS IN TODAY'S WORLD* ,4.0 AU,
1149,BM2507 ,MARKETING ANALYTICS* ,4.0 AU,AB1202
1150,BM3506 ,STRATEGIC BRAND MANAGEMENT* ,4.0 AU,AB112 OR AB1501
1151,BM3507 ,THE GLOBAL MARKETER - MARKETING TO THE WORLD* ,4.0 AU,Final Year Standing AB1501
1207,BR2201 ,RISK MODELLING ,4.0 AU,AB1202
1208,BR2202 ,INSURANCE LAW & REGULATIONS* ,4.0 AU,AB1301 OR BU8301
1209,BR3207 ,CYBER RISK MANAGEMENT & INSURANCE* ,4.0 AU,AB1202 & AB1401
1210,BR3208 ,OPERATIONAL RISK MANAGEMENT* ,4.0 AU,BR2202
1235,CH0491 ,ENGINEERS & SOCIETY ,3.0 AU,
1236,CH1102 ,INTRODUCTION TO CHEMICAL ENGINEERING IN NEW ERA ,1.0 AU,
1237,CH1104 ,MATERIALS & ENERGY BALANCES ,4.0 AU,
1238,CH1131 ,BIOMOLECULAR ENGINEERING ,4.0 AU,
1239,CH1801 ,CHEMICAL & BIOMOLECULAR ENGINEERING LABORATORY 1A ,1.0 AU,
1241,CH2103 ,FLUID SYSTEMS ,4.0 AU,CH1104 & CH1117
1242,CH2106 ,INTRODUCTION TO MULTIDISCIPLINARY ENGINEERING ,2.0 AU,
1243,CH2107 ,INTRODUCTION TO COMPUTATIONAL THINKING ,3.0 AU,CH1117
1244,CH2109 ,DECISION TOOLS FOR ENGINEERING BUSINESS ,3.0 AU,
1245,CH2801 ,CHEMICAL & BIOMOLECULAR ENGINEERING LABORATORY 2A ,2.0 AU,
1246,CH3103 ,CHEMICAL THERMODYNAMICS ,3.0 AU,CH1108
1247,CH3802 ,CHEMICAL & BIOMOLECULAR ENGINEERING LABORATORY 5 ,3.0 AU,
1281,CH2140 ,CHEMICAL ENGINEERING UNIT OPERATIONS I ,4.0 AU,CH1104 & CH1108 & CH3103
1283,CH3101 ,PROCESS CONTROL & DYNAMICS ,4.0 AU,CH1104 & CH1108 & CH2104 & CH3102 & MH1810
1286,CH4101 ,"CHEMICAL, BIOLOGICAL & PLANT SAFETY ",2.0 AU,
1287,CH4106 ,FORMULATION OF ACTIVE PHARMACEUTICAL INGREDIENTS DOSAGE FORM ,3.0 AU,
1288,CH4244 ,NUMERICAL METHODS & DATA ANALYTICS ,3.0 AU,CH2107 OR BG2111
1289,CH4250 ,SPECIAL TOPICS: POLYMERS FOR NANOTECHNOLOGY* ,3.0 AU,
1290,CH4306 ,BIOANALYTICAL TECHNIQUES* ,3.0 AU,
1291,CH4451 ,PROCESS ENGINEERING FOR GAS/LNG & PHARMACEUTICAL INDUSTRIES ,3.0 AU,
1292,CH4801 ,FINAL YEAR DESIGN PROJECT ,8.0 AU,
1293,CH9221 ,FOOD INDUSTRY SEMINAR SERIES* ,3.0 AU,
1329,CE1003 ,INTRODUCTION TO COMPUTATIONAL THINKING* ,3.0 AU,
1330,CE1005 ,DIGITAL LOGIC* ,3.0 AU,
1331,CE1006 ,COMPUTER ORGANISATION & ARCHITECTURE* ,3.0 AU,CE1005(Corequisite) OR CZ1005(Corequisite)
1332,CE1007 ,DATA STRUCTURES* ,3.0 AU,CE1003 OR CZ1003
1333,CE1011 ,ENGINEERING MATHEMATICS I* ,3.0 AU,
1334,CE1012 ,ENGINEERING MATHEMATICS II* ,3.0 AU,CE1011(Corequisite)
1335,CE1013 ,PHYSICS FOR COMPUTING ,2.0 AU,
1336,CE3001 ,ADVANCED COMPUTER ARCHITECTURE* ,3.0 AU,CE1006 OR CZ1006
1337,CE3005 ,COMPUTER NETWORKS* ,3.0 AU,CE1008 OR CZ1008 OR CE1011 & CE1012 OR CZ1011 & CZ1012
1339,MH1812 ,DISCRETE MATHEMATICS* ,3.0 AU,
1340,CE2001 ,ALGORITHMS* ,3.0 AU,U15% & onwards students are also required to read CE/CZ1012 CE1001 & CE1007 OR CZ1001 & CZ1007 OR CE1007 & MH1812 OR CZ1007 & MH1812
1341,CE2002 ,OBJECT ORIENTED DESIGN & PROGRAMMING* ,3.0 AU,CE1007 OR CZ1007
1342,CE2004 ,CIRCUITS & SIGNAL ANALYSIS* ,3.0 AU,CE1008 OR CZ1008 OR CE1012 OR CZ1012
1343,CE2005 ,OPERATING SYSTEMS* ,3.0 AU,CE1006 & CE1007 OR CZ1006 & CZ1007
1344,CE2006 ,SOFTWARE ENGINEERING* ,3.0 AU,CE2002(Corequisite) OR CZ2002(Corequisite)
1345,CE2007 ,MICROPROCESSOR-BASED SYSTEMS DESIGN* ,3.0 AU,CE1006 & CE2004(Corequisite)
1347,CE3002 ,"SENSORS, INTERFACING & CONTROL* ",3.0 AU,CE2004
1348,CE3004 ,MULTIDISCIPLINARY DESIGN PROJECT ,4.0 AU,
1350,CE3006 ,DIGITAL COMMUNICATIONS* ,3.0 AU,CE1008 & CE2004 OR CE1011 & CE2004 OR CE2004 & CZ1011
1352,CE4003 ,COMPUTER VISION* ,3.0 AU,
1353,CE4016 ,ADVANCED TOPICS IN ALGORITHMS* ,3.0 AU,CE2001
1354,CE4022 ,PERSONAL MOBILE NETWORKS* ,3.0 AU,CE3005 OR CZ3006
1355,CE4023 ,ADVANCED COMPUTER NETWORKS* ,3.0 AU,CE3005 OR CZ3006
1356,CE4031 ,DATABASE SYSTEM PRINCIPLES* ,3.0 AU,CE2001 & CZ2007
1357,CE4032 ,DATA ANALYTICS & MINING* ,3.0 AU,CE2001
1358,CE4042 ,NEURAL NETWORK & DEEP LEARNING* ,3.0 AU,CE1003 & CE1007 & CE1011 & CE1012 OR CZ1003 & CZ1007 & CZ1011 & CZ1012
1359,CE4045 ,NATURAL LANGUAGE PROCESSING* ,3.0 AU,CE2001
1360,CE4056 ,CYBER PHYSICAL SYSTEMS DESIGN ,3.0 AU,CE1006 & CE2007
1361,CE4057 ,TIME-CRITICAL COMPUTING ,3.0 AU,CE1006 & CE2005 OR CZ1006 & CZ2005
1362,CE4062 ,COMPUTER SECURITY (SYSTEM SECURITY)* ,3.0 AU,CE2005
1363,CE4064 ,SECURITY MANAGEMENT* ,3.0 AU,CE2006
1364,CE4068 ,APPLICATION SECURITY* ,3.0 AU,CE2005 & CE3005
1365,CV0003 ,INTRODUCTION TO DATA SCIENCE & ARTIFICIAL INTELLIGENCE ,3.0 AU,CV1014
1366,CV1011 ,MECHANICS OF MATERIALS ,4.0 AU,
1367,CV1711 ,ENGINEERING DRAWING & 3D BUILDING INFORMATION MODELLING ,1.0 AU,
1368,CV2011 ,STRUCTURAL ANALYSIS I ,3.0 AU,CV1011 OR CV2101
1369,CV2013 ,ENGINEERING GEOLOGY & SOIL MECHANICS ,3.0 AU,
1370,CV2015 ,HYDRAULICS ,3.0 AU,CV1012 OR CV2601
1371,CV2711 ,CIVIL ENGINEERING LABORATORY A ,1.0 AU,
1377,MH2814 ,PROBABILITY & STATISTICS ,3.0 AU,MH1810 OR MT1001
1382,CV3011 ,REINFORCED CONCRETE DESIGN ,3.0 AU,CV2102 OR CV2011
1383,CV3013 ,FOUNDATION ENGINEERING ,3.0 AU,CV2301 OR CV2013 & CV2014
1384,CV3014 ,TRANSPORTATION ENGINEERING ,3.0 AU,
1385,CV3015 ,ENVIRONMENTAL ENGINEERING ,3.0 AU,CV1012 OR CV2601
1391,CV0002 ,ENGINEERS & SOCIETY ,3.0 AU,
1393,CV4011 ,PROJECT PLANNING & MANAGEMENT ,3.0 AU,
1394,CV4101 ,STRUCTURAL ANALYSIS III ,3.0 AU,CV3101 OR CV2012
1395,CV4102 ,ADVANCED STEEL DESIGN ,3.0 AU,CV3012 OR CV3202
1396,CV4110 ,EXCAVATION & RETAINING WALLS ,3.0 AU,CV3301 OR CV3013
1397,CV4112 ,TRAFFIC ENGINEERING ,3.0 AU,CV3401 OR CV3014
1398,CV4120 ,ADVANCED REINFORCED CONCRETE DESIGN ,3.0 AU,CV3011
1399,CV4711 ,SEMINARS & SITE VISITS ,1.0 AU,
1403,CM1021 ,BASIC INORGANIC CHEMISTRY WITH LABORATORY* ,4.0 AU,
1404,CM1031 ,BASIC ORGANIC CHEMISTRY WITH LABORATORY* ,4.0 AU,
1405,CM2011 ,ANALYTICAL CHEMISTRY* ,3.0 AU,CM1021 & CM1041 OR CM9001 OR CY1101
1406,CM2021 ,INORGANIC & BIOINORGANIC CHEMISTRY* ,3.0 AU,By permission CM1021 OR CM9001 OR CY1101
1407,CM2031 ,ORGANIC & BIOORGANIC CHEMISTRY* ,3.0 AU,By permissions CM1031 OR CM9001 OR CY1101
1408,CM2061 ,CHEMISTRY & BIOLOGICAL CHEMISTRY LABORATORY 1* ,3.0 AU,By permission CM1021 & CM1031 OR CM9001 OR CY1101
1410,MH1802 ,CALCULUS FOR THE SCIENCES ,4.0 AU,
1411,MH8300 ,IT'S DISCREETLY DISCRETE WLD:MATHS IN REAL-LIFE APPLICATIONS*# ,3.0 AU,
1412,PH1801 ,FOUNDATIONS OF PHYSICS I* ,3.0 AU,
1413,PS0001 ,INTRODUCTION TO COMPUTATIONAL THINKING ,3.0 AU,
1414,PS0002 ,INTRODUCTION TO DATA SCIENCE & ARTIFICIAL INTELLIGENCE ,3.0 AU,PS0001
1421,CM3011 ,CHEMICAL SPECTROSCOPY & APPLICATIONS* ,3.0 AU,By permission CM2021 & CM2031
1422,CM3021 ,ORGANOMETALLIC CHEMISTRY* ,3.0 AU,By permission CBC212 OR CM2021
1423,CM3031 ,ORGANIC REACTION MECHANISMS & SYNTHESIS* ,3.0 AU,By permission CBC213 OR CM2031
1424,CM3041 ,PHYSICAL & BIOPHYSICAL CHEMISTRY 2* ,3.0 AU,By permission CM2041
1425,CM3062 ,CHEMISTRY & BIOLOGICAL CHEMISTRY LABORATORY 4 ,3.0 AU,By permission CM2062
1439,CM4012 ,STRUCTURAL DETERMINATION* ,3.0 AU,By permission CBC311 & CBC312 OR CM3011 & CM3021
1440,CM4013 ,CURRENT TOPICS IN ANALYTICAL CHEMISTRY* ,3.0 AU,CM2011 & CM2062 & CM3062 OR CBC211 & CBC216 & CBC316
1441,CM4014 ,NANOSCIENCE & NANOTECHNOLOGY ,3.0 AU,By permission CM3011
1442,CM4016 ,PHARMACEUTICAL CHEMISTRY ,3.0 AU,By permission CM1031 & CM1051 & CM2011 & CM2031 & CM3031
1443,CM4017 ,BIOMEDICAL IMAGING & SENSING* ,3.0 AU,CM3041
1444,CM4043 ,MOLECULAR MODELLING:PRINCIPLES & APPLICATIONS* ,3.0 AU,By permission CBC314 OR CM3041
1445,CM4044 ,ARTIFICIAL INTELLIGENCE IN CHEMISTRY ,3.0 AU,Approval by the School PS0001 & PS0002
1467,HC1001 ,INTRODUCTION TO THE STUDY OF LITERATURE & CULTURE* ,3.0 AU,
1468,HC1002 ,INTRODUCTION TO CHINESE LANGUAGE* ,3.0 AU,
1469,HC2001 ,"DIRECTED READINGS OF LITERARY WORKS: PRE-QIN,HAN,WEI & JIN ",3.0 AU,
1470,HC2005 ,GENERAL HISTORY OF CHINA ,3.0 AU,
1474,HW0106 ,ACADEMIC COMMUNICATION IN CHINESE STUDIES I ,2.0 AU,
1478,HC0201 ,CHINESE LITERATURE IN SINGAPORE ,3.0 AU,
1482,HC2004 ,"DIRECTED READINGS OF LITERARY WORKS: YUAN, MING & QING ",3.0 AU,
1484,HC2015 ,COMING OF AGE IN MODERN CHINA* ,3.0 AU,HC1001
1485,HC2030 ,PRE-QIN THOUGHT* ,3.0 AU,
1486,HC2032 ,DIVISION & INTEGRATION: FROM CHUNQIU TO WUDAI* ,3.0 AU,
1487,HC2040 ,UNDERSTANDING CHINA* ,3.0 AU,
1488,HC2053 ,VARIETIES OF CHINESE* ,3.0 AU,
1489,HC2060 ,CHINESE EDUCATION IN SOUTHEAST ASIA* ,3.0 AU,
1490,HC3003 ,SOUTHEAST ASIAN CHINESE ,3.0 AU,
1491,HC3014 ,CULTURAL STUDIES OF CHINESE CINEMAS* ,3.0 AU,B4 & above in O level Chinese or equivalent HC101 OR HC1001
1492,HC3042 ,CHINA IN ASIA* ,3.0 AU,
1494,HG1001 ,MIND & MEANING* ,3.0 AU,
1495,HG2020 ,LANGUAGE IN SOCIETY* ,3.0 AU,
1496,HL1001 ,INTRODUCTION TO THE STUDY OF LITERATURE* ,3.0 AU,
1497,HP0201 ,EMPLOYMENT RELATIONS FOR WORK & CAREERS IN SINGAPORE ,3.0 AU,
1500,HS2007 ,UNDERSTANDING GLOBALIZATION* ,3.0 AU,HS1001
1501,HS2028 ,GRAYING SOCIETY: ISSUES & CHALLENGES* ,3.0 AU,HS1001
1503,HY1001 ,INTRODUCTION TO PHILOSOPHY* ,3.0 AU,
1504,HY3001 ,EXISTENTIALISM* ,3.0 AU,
1523,HC3030 ,CHINESE BUDDHISM & DAOISM* ,3.0 AU,
1525,HC3052 ,CHINESE LANGUAGE & GRAMMATICAL THEORIES* ,3.0 AU,HC102 & HC151 OR HC1002 & HC1051
1526,HC4010 ,CLASSICAL CHINESE LITERARY THEORY* ,4.0 AU,
1527,HC4014 ,SPECIAL TOPICS IN CHINESE LITERARY & CULTURAL STUDIES* ,4.0 AU,HC1001
1528,HC4015 ,SPECIAL TOPICS IN CLASSICAL CHINESE LITERATURE* ,4.0 AU,
1529,HC4016 ,COMPARATIVE LITERATURE STUDIES: THEORY & PRACTICE* ,4.0 AU,HC301 OR HC3001
1530,HC4020 ,LITERARY CRITICISM & CRITICAL THEORIES* ,4.0 AU,HC1001
1531,HC4055 ,CHINESE LANGUAGE ACQUISITION* ,4.0 AU,HC102 OR HC1002
1532,HC4061 ,CHINESE MIGRATION* ,4.0 AU,
1533,HC4064 ,HISTORY & ISSUES: TRANSCULTURAL CHINESE THEATRE IN SINGAPO* ,4.0 AU,HC1001
1585,CS0201 ,FOUNDATIONS OF COMMUNICATION STUDIES* ,3.0 AU,
1586,CS0209 ,"MEDIA LAW, ETHICS & POLICY* ",3.0 AU,
1587,CS2008 ,FUNDAMENTALS OF RESEARCH* ,3.0 AU,
1588,CS2021 ,NEWS REPORTING & WRITING* ,3.0 AU,CS0204
1589,CS2023 ,PRINT & DIGITAL PUBLICATIONS* ,3.0 AU,COM204 OR CS0204
1590,CS2025 ,IMAGE & SOUND PRODUCTION* ,3.0 AU,COM206(Corequisite) OR CS2006(Corequisite)
1591,CS2029 ,BROADCAST JOURNALISM: CONCEPTS & APPLICATIONS* ,3.0 AU,CS2025
1592,CS2030 ,AUDIO IN MEDIA* ,3.0 AU,
1593,CS2033 ,CORPORATE COMMUNICATIONS MANAGEMENT* ,3.0 AU,
1594,CS2034 ,KOREAN CINEMA IN THE GLOBAL CONTEXT* ,3.0 AU,
1595,CS2044 ,PHOTOJOURNALISM* ,3.0 AU,COM221(Corequisite) OR CS2021(Corequisite)
1596,CS2054 ,INTERPERSONAL COMMUNICATION* ,3.0 AU,
1597,CS2055 ,ORGANISATIONAL COMMUNICATION* ,3.0 AU,COM201 (Min Grade :B) (Not Applicable to CS) OR CS100 (Min Grade :B) (Not Applicable to CS) OR CS8100 (Min Grade :B) (Not Applicable to CS) OR CS0201 (Min Grade :B) (Not Applicable to CS)
1598,CS2058 ,INTEGRATED MARKETING COMMUNICATION* ,3.0 AU,
1599,CS2059 ,SOCIAL CONSEQUENCES OF MOBILE COMMUNICATION* ,3.0 AU,
1600,CS2090 ,DIGITAL MEDIA ENTREPRENEURSHIP* ,3.0 AU,CS0209
1601,CS2101 ,PUBLIC RELATIONS WRITING* ,3.0 AU,
1602,CS2300 ,ACTING & DIRECTING FOR TV & FILM* ,3.0 AU,CS2006
1603,CS2400 ,FOUNDATION OF INFORMATION ANALYTICS* ,3.0 AU,
1604,CS2405 ,DATA MINING* ,3.0 AU,CS2400
1606,FL8001 ,INTRODUCTION TO FILM STUDIES* ,3.0 AU,
1616,CS2028 ,PRODUCTION MANAGEMENT FOR TV & CINEMA* ,3.0 AU,CS2025
1619,CS2031 ,CREATIVE STRATEGIES* ,3.0 AU,
1625,CS2056 ,PSYCHOLOGY & COMMUNICATION* ,3.0 AU,
1633,CS4018 ,SPECIALISED JOURNALISM:BUSINESS & ECONOMICS* ,4.0 AU,COM221 OR CS2021
1634,CS4020 ,MAGAZINE PUBLISHING* ,4.0 AU,CS0204
1635,CS4022 ,SOCIAL MEDIA MINING* ,4.0 AU,CS2405
1636,CS4023 ,ADVANCED PHOTOJOURNALISM* ,4.0 AU,COM244 OR CS2044 OR COM422 OR CS313
1637,CS4024 ,WRITING FOR CINEMA & TV* ,4.0 AU,
1638,CS4026 ,DOCUMENTARY FILM & TV:CONCEPTS & APPLICATIONS* ,4.0 AU,COM225 OR CS2025 OR CS2029 OR COM229
1639,CS4027 ,NARRATIVE FILM & TV:CONCEPTS & APPLICATIONS* ,4.0 AU,CS322 OR COM225 OR CS229 OR CS2025
1640,CS4029 ,ADVERTISING CREATIVITY & COPYWRITING* ,4.0 AU,
1641,CS4037 ,AUDIENCE RESEARCH METHODS* ,4.0 AU,CS2008 OR HP1100 (Applicable to PSMA)
1642,CS4039 ,FRONTIERS IN COMMUNICATION SCIENCE* ,4.0 AU,
1643,CS4042 ,ADVANCED RESEARCH METHODS* ,4.0 AU,HP1100 (Applicable to PSMA) OR CS2008
1644,CS4043 ,SPECIALISED JOURNALISM:SCIENCE & HEALTH REPORTING* ,4.0 AU,CS2021 OR ST9001(Corequisite)
1645,CS4050 ,BAYESIAN DATA ANALYSIS & ITS APPLICATIONS* ,4.0 AU,CS2008
1646,CS4053 ,POPULAR CINEMA* ,4.0 AU,
1647,CS4055 ,TV STUDIES: CRITICAL APPROACHES* ,4.0 AU,
1648,CS4060 ,PERSUASION & SOCIAL INFLUENCE* ,4.0 AU,
1649,CS4072 ,DIGITAL MEDIA & HUMAN RELATIONSHIPS* ,4.0 AU,
1650,CS4074 ,CONSUMER BEHAVIOR* ,4.0 AU,
1651,CS4131 ,RISK COMMUNICATION* ,4.0 AU,
1652,CS4150 ,HEALTH COMMUNICATION* ,4.0 AU,CS2008
1653,CS4160 ,THE KOREAN WAVE: A MULTIDISCIPLINARY PERSPECTIVE* ,4.0 AU,
1654,CS4264 ,INTRODUCTION TO NETWORK ANALYSIS* ,4.0 AU,CS2008
1655,CS4265 ,GLOBAL FILM CULTURES: HOLLYWOOD & THE WEST* ,4.0 AU,
1656,CS4311 ,PROMOTING SUSTAINABILITY* ,4.0 AU,
1691,CS4030 ,CRISIS MANAGEMENT* ,4.0 AU,CS2033(Corequisite)
1692,CS4031 ,MEDIA PLANNING & STRATEGIES* ,4.0 AU,
1693,CS4032 ,COMMUNICATION CAMPAIGNS* ,4.0 AU,COM258 OR CS2058
1701,CS4058 ,INTERCULTURAL COMMUNICATION* ,4.0 AU,
1768,CZ1003 ,INTRODUCTION TO COMPUTATIONAL THINKING* ,3.0 AU,
1769,CZ1005 ,DIGITAL LOGIC* ,3.0 AU,
1770,CZ1006 ,COMPUTER ORGANISATION & ARCHITECTURE* ,3.0 AU,CZ1005(Corequisite) OR CE1005(Corequisite)
1771,CZ1007 ,DATA STRUCTURES* ,3.0 AU,CZ1003 OR CE1003
1772,CZ1011 ,ENGINEERING MATHEMATICS I* ,3.0 AU,
1773,CZ1012 ,ENGINEERING MATHEMATICS II* ,3.0 AU,CZ1011(Corequisite)
1774,CZ1013 ,PHYSICS FOR COMPUTING ,2.0 AU,
1775,CZ3001 ,ADVANCED COMPUTER ARCHITECTURE* ,3.0 AU,CZ1006 OR CE1006
1778,CZ2001 ,ALGORITHMS* ,3.0 AU,U15% & onwards students are also required to read CE/CZ1012 CZ1001 & CZ1007 OR CE1001 & CE1007 OR CE1007 & MH1812 OR CZ1007 & MH1812
1779,CZ2002 ,OBJECT ORIENTED DESIGN & PROGRAMMING* ,3.0 AU,CZ1007 OR CE1007
1780,CZ2003 ,COMPUTER GRAPHICS & VISUALISATION* ,3.0 AU,CE1008 OR CZ1008 OR CE1011 OR CZ1011
1781,CZ2004 ,HUMAN COMPUTER INTERACTION* ,3.0 AU,
1782,CZ2005 ,OPERATING SYSTEMS* ,3.0 AU,CZ1006 & CZ1007 OR CE1006 & CE1007
1783,CZ2006 ,SOFTWARE ENGINEERING* ,3.0 AU,CZ2002(Corequisite) OR CE2002(Corequisite)
1784,CZ2007 ,INTRODUCTION TO DATABASES* ,3.0 AU,CZ1007 & CZ2001(Corequisite) OR CE1007 & CE2001(Corequisite) OR CE1007 & CZ2001(Corequisite) OR CE2001(Corequisite) & CZ1007
1786,CZ3002 ,ADVANCED SOFTWARE ENGINEERING* ,3.0 AU,CZ2006 OR CE2006
1787,CZ3003 ,SOFTWARE SYSTEMS ANALYSIS & DESIGN* ,3.0 AU,CZ2006(Corequisite) OR CE2006(Corequisite)
1788,CZ3004 ,MULTIDISCIPLINARY DESIGN PROJECT ,4.0 AU,
1789,CZ3005 ,ARTIFICIAL INTELLIGENCE* ,3.0 AU,CZ1003 & CZ2001 OR CE1003 & CE2001 OR CE1003 & CZ2001
1790,CZ3006 ,NET CENTRIC COMPUTING* ,3.0 AU,CZ1006 & CZ2002 OR CE1006 & CE2002
1791,CZ3007 ,COMPILER TECHNIQUES* ,3.0 AU,CZ2001 & CZ2006 OR CE2001 & CE2006
1792,CZ4057 ,TIME-CRITICAL COMPUTING ,3.0 AU,CE1006 & CE2005 OR CZ1006 & CZ2005
1794,CZ4003 ,COMPUTER VISION* ,3.0 AU,
1795,CZ4016 ,ADVANCED TOPICS IN ALGORITHMS* ,3.0 AU,CZ2001
1796,CZ4022 ,PERSONAL MOBILE NETWORKS* ,3.0 AU,CZ3006
1797,CZ4023 ,ADVANCED COMPUTER NETWORKS* ,3.0 AU,CE3005 OR CZ3006
1798,CZ4031 ,DATABASE SYSTEM PRINCIPLES* ,3.0 AU,CZ2001 & CZ2007 OR BC2402
1799,CZ4032 ,DATA ANALYTICS & MINING* ,3.0 AU,CZ2001
1800,CZ4042 ,NEURAL NETWORK & DEEP LEARNING* ,3.0 AU,CZ1003 & CZ1007 & CZ1011 & CZ1012 OR CE1003 & CE1007 & CE1011 & CE1012
1801,CZ4045 ,NATURAL LANGUAGE PROCESSING* ,3.0 AU,CZ2001
1803,CZ4062 ,COMPUTER SECURITY (SYSTEM SECURITY)* ,3.0 AU,CZ2005
1804,CZ4064 ,SECURITY MANAGEMENT* ,3.0 AU,CZ2006
1805,CZ4068 ,APPLICATION SECURITY* ,3.0 AU,CZ2005 & CZ3006
1811,MH1805 ,CALCULUS ,4.0 AU,
1818,HE1001 ,MICROECONOMIC PRINCIPLES ,3.0 AU,
1819,HE1002 ,MACROECONOMIC PRINCIPLES ,3.0 AU,
1820,HE1003 ,BASIC MATHEMATICS FOR ECONOMISTS ,3.0 AU,
1821,HE2004 ,INTRODUCTORY ECONOMETRICS* ,3.0 AU,HE1004 OR HE1005
1822,HE2005 ,PRINCIPLES OF ECONOMETRICS* ,3.0 AU,HE1005 OR MH2500(Corequisite) OR MH3500(Corequisite) OR HE104B OR MAS215 OR MTH214 OR MAS315(Corequisite) OR MTH351(Corequisite) OR HE1004 (Min Grade :A-)
1824,HW0105 ,"ACADEMIC COMMUNICATION IN THE ARTS, HUMANITIES & SOCIAL SCI ",2.0 AU,
1845,HE2006 ,INTERNATIONAL MONETARY ECONOMICS* ,3.0 AU,HE1002 OR AB0901 OR HE9091 OR HE102 OR AB106 OR HE191
1846,HE2007 ,MONEY & BANKING* ,3.0 AU,HE102 OR HE191 OR HE101 OR AB106 OR HE1001 OR HE1002 OR HE9091 OR AB0901
1847,HE2009 ,INDUSTRIAL ORGANISATION* ,3.0 AU,HE101 OR HE191 OR AB106 OR HE1001 OR HE9091 OR AB0901
1848,HE2010 ,DEVELOPMENT ECONOMICS* ,3.0 AU,HE101 OR HE102 OR HE1001 OR HE1002 OR HE9091 OR AB106 OR AB0901
1849,HE3001 ,MATHEMATICAL ECONOMICS* ,3.0 AU,HE1003 (Applicable to ECON) & HE2001 OR HE1003 (Applicable to ECON) & HE9092
1850,HE3002 ,GAME THEORY & APPLICATIONS TO SOCIAL SCIENCES* ,3.0 AU,HE103 (Applicable to ECON) & HE201 OR HE1003 (Applicable to ECON) & HE2001 OR HE1003 (Applicable to ECON) & HE9092
1851,HE3003 ,THE CHINESE ECONOMY* ,3.0 AU,HE101 OR HE191 OR HE102 OR AB106 OR HE192 OR HE1001 OR HE1002 OR HE9091 OR AB0901
1852,HE3007 ,FINANCIAL ECONOMICS* ,3.0 AU,AB1202 & HE1001 OR AB103 & HE101 OR HE101 & HE104A OR HE101 & HE104B OR AB103 & HE191 OR HE104A & HE191 OR HE104B & HE191 OR HE101 & MAS215 & MAS315 OR AB103 & AB106 OR AB103 & HE192 OR HE1001 & HE1004 OR HE1001 & HE1005 OR AB1202 & HE9091 OR HE1004 & HE9091 OR HE1005 & HE9091 OR AB0901 & AB1202 OR AB1202 & HE9092 OR HE1001 & MH2500 & MH3500 OR HE1001 & MTH214 & MTH351 OR HE101 & MTH214 & MTH351
1853,HE3011 ,COST-BENEFIT ANALYSIS* ,3.0 AU,HE201 OR HE192 OR HE2001 OR HE9092
1854,HE3013 ,URBAN ECONOMICS* ,3.0 AU,HE2001 & HE2004 OR HE2001 & HE2005 OR HE2004 & HE9092 OR HE2005 & HE9092 OR HE201 & HE204A OR HE201 & HE204B OR HE192 & HE204A OR HE192 & HE204B
1855,HE3016 ,PRINCIPLES OF MATHEMATICS FINANCE* ,3.0 AU,HE1003 (Applicable to ECON) & HE1004 OR HE1003 (Applicable to ECON) & HE1005 OR HE103 & HE104A OR HE103 & HE104B OR HE1003 (Applicable to ECON) & MH2500 OR HE1003 (Applicable to ECON) & MH3500 OR HE1003 (Applicable to ECON) & MAS315 OR HE1003 (Applicable to ECON) & MTH351
1856,HE3024 ,INTRODUCTION TO APPLIED ECONOMIC POLICY RESEARCH* ,3.0 AU,HE2004 (Min Grade :B+) OR HE2005
1886,HE4001 ,ADVANCED MICROECONOMICS* ,4.0 AU,HE201 OR HE2001
1887,HE4002 ,ADVANCED MACROECONOMICS* ,4.0 AU,HE201 OR HE202 OR HE2001 OR HE2002
1888,HE4005 ,GROWTH THEORY & EMPIRICS* ,4.0 AU,HE2001 & HE2002 OR HE201 & HE202
1889,HE4010 ,SINGAPORE ECONOMY IN A GLOBALIZED WORLD* ,4.0 AU,HE201 & HE202 OR HE2001 & HE2002
1890,HE4015 ,PERSONNEL ECONOMICS* ,4.0 AU,HE2001 OR HE201
1891,HE4020 ,ECONOMETRIC TIME SERIES ANALYSIS* ,4.0 AU,HE321 OR HE3021
1892,HE4023 ,ECONOMICS OF ORGANIZATIONS & CORPORATE MANAGEMENT* ,4.0 AU,HE2001
2041,HA1001 ,INTRODUCTION TO INTERNATIONAL RELATIONS & FOREIGN POLICY* ,3.0 AU,
2042,HA1002 ,INTRODUCTION TO POLITICAL THEORY* ,3.0 AU,
2043,HA1012 ,FUNDAMENTALS OF POLITICS* ,3.0 AU,
2044,HA2009 ,THE MAKING OF E-GOVERNMENT* ,3.0 AU,HA1003
2045,HA2014 ,PUBLIC ORGANISATION & MANAGEMENT* ,3.0 AU,HA1003
2046,HA2015 ,CHINA IN AFRICA* ,3.0 AU,
2047,HA2017 ,FOREIGN POLICY ANALYSIS* ,3.0 AU,HA2004
2048,HA2020 ,SOCIO-POLITICAL ANALYSIS IN PUBLIC POLICY* ,3.0 AU,HA1003 & HA1012
2049,HA2026 ,AMERICAN FOREIGN POLICY* ,3.0 AU,HA1001 & HA1012
2067,HA3004 ,UNITED STATES & EAST ASIA* ,3.0 AU,HA1001
2068,HA3007 ,PUBLIC BUDGETING & FINANCIAL MANAGEMENT* ,3.0 AU,HA1003
2069,HA3015 ,MEDIA & POLITICS* ,3.0 AU,HA1012
2070,HA3018 ,BORDERLESS MIGRATION?* ,3.0 AU,HA1001 & HA1002
2101,HA4006 ,SPECIAL TOPIC IN PUBLIC ADMINISTRATION* ,4.0 AU,HA1003
2102,HA4022 ,INTERNATIONAL POLITICS OF THE ASIA-PACIFIC* ,4.0 AU,HA1003
2103,HA4026 ,SELECTED TOPICS IN HEALTH CARE & AGEING* ,4.0 AU,HA1003
2124,HP4232 ,DEVELOPMENT OF SELF-REGULATION* ,4.0 AU,CS2008 (Applicable to PSMA) & HP1000 (Applicable to PSMA) & HP2100 (Applicable to PSMA) & HP2200 (Applicable to PSMA) & HP2300 (Applicable to PSMA) & HP2400 (Applicable to PSMA) & HP2500 (Applicable to PSMA) & HP2600 (Applicable to PSMA) & HP2700 (Applicable to PSMA) OR HP1000 & HP1100 & HP2100 & HP2200 & HP2300 & HP2400 & HP2500 & HP2600 & HP2700
2196,HP3204 ,AN APE'S GUIDE TO HUMAN LANGUAGE* ,3.0 AU,HP1000 & HP1100 OR CS2008 & HP1000
2236,HP4002 ,QUALITATIVE METHODS IN PSYCHOLOGY* ,4.0 AU,HP1000 & HP1100 OR CS2008 (Applicable to PSMA) & HP1000 (Applicable to PSMA)
2237,HP4012 ,APPLIED MULTIVARIATE METHODS FOR PSYCHOLOGICAL RESEARCH* ,4.0 AU,HP1000 & HP1100 & HP2100 & HP3101 OR CS2008 (Applicable to PSMA) & HP1000 (Applicable to PSMA) & HP2100 (Applicable to PSMA) & HP3101 (Applicable to PSMA)
2238,HP4021 ,LABORATORY IN HUMAN & ANIMAL NEUROSCIENCE* ,4.0 AU,HP1000 & HP1100 & HP2200
2239,HP4041 ,LABORATORY IN SOCIAL PSYCHOLOGY* ,4.0 AU,HP1000 & HP1100 & HP2100 & HP2400 OR CS2008 (Applicable to PSMA) & HP1000 (Applicable to PSMA) & HP2100 (Applicable to PSMA) & HP2400 (Applicable to PSMA)
2240,HP4061 ,LABORATORY IN COGNITIVE PSYCHOLOGY* ,4.0 AU,HP1000 & HP1100 & HP2600
2241,HP4102 ,TRAUMA PSYCHOLOGY & CRISIS MANAGEMENT* ,4.0 AU,HP1000 & HP1100 & HP2700 OR CS2008 (Applicable to PSMA) & HP1000 (Applicable to PSMA) & HP2700 (Applicable to PSMA)
2242,HP4103 ,"THE FORENSIC PSYCHOLOGY OF CRIME, TERRORISM & DISASTERS* ",4.0 AU,HP1000 & HP1100 OR CS2008 (Applicable to PSMA) & HP1000 (Applicable to PSMA)
2243,HP4104 ,EVIDENCE-BASED PRACTICE IN CLINICAL PSYCHOLOGY* ,4.0 AU,HP1000 & HP1100 & HP2700 OR CS2008 (Applicable to PSMA) & HP1000 (Applicable to PSMA) & HP2700 (Applicable to PSMA)
2244,HP4107 ,INDUSTRIAL-ORGANISATIONAL PSYCHOLOGY IN PRACTICE* ,4.0 AU,HP1000 & HP1100
2245,HP4243 ,INTERGROUP RELATIONS* ,4.0 AU,HP1000 & HP1100 & HP2100 & HP2400 OR CS2008 (Applicable to PSMA) & HP1000 (Applicable to PSMA) & HP2100 (Applicable to PSMA) & HP2400 (Applicable to PSMA)
2246,HP4274 ,"THE LAST DANCE: PERSPECTIVES OF DEATH, DYING & BEREAVEMENT* ",4.0 AU,HP1000 & HP1100 & HP2300 OR CS2008 (Applicable to PSMA) & HP1000 (Applicable to PSMA) & HP2300 (Applicable to PSMA)
2290,E1002L ,PHYSICS FOUNDATION FOR ELECTRICAL & ELECTRONIC ENGINEERING ,.0 AU,FE1011 OR FE1012 OR FE0001 OR PH1011 OR PH1012
2291,E2001L ,CIRCUIT ANALYSIS ,.0 AU,
2292,E2002L ,ANALOG ELECTRONICS ,.0 AU,EE2001
2293,E2004L ,DIGITAL ELECTRONICS ,.0 AU,
2294,E2008L ,DATA STRUCTURES & ALGORITHMS ,.0 AU,
2295,E2010L ,SIGNALS & SYSTEMS ,.0 AU,PRE-REQUISITE NOT APPLICABLE TO PART-TIME STUDENT FE1006 & FE1007 OR MATH1A & MATH1B OR EE2092 OR MH1810 & MH1811 OR FE1006 & MH1811 OR FE1007 & MH1810 OR MH2810 OR CY1601 & CY1602
2296,EE0005 ,INTRODUCTION TO DATA SCIENCE & ARTIFICIAL INTELLIGENCE ,3.0 AU,CE1003 OR CZ1003 OR BG2211 OR CH2107 OR CV1014 OR MS1008 OR MA1008 OR EE1005 OR RE1016
2297,EE1002 ,PHYSICS FOUNDATION FOR ELECTRICAL & ELECTRONIC ENGINEERING ,4.0 AU,FE1011 OR FE1012 OR FE0001 OR PH1011 OR PH1012
2298,EE1003 ,INTRODUCTION TO MATERIALS FOR ELECTRONICS ,3.0 AU,
2299,EE1005 ,FROM COMPUTATIONAL THINKING TO PROGRAMMING ,3.0 AU,
2300,EE2001 ,CIRCUIT ANALYSIS ,4.0 AU,
2301,EE2002 ,ANALOG ELECTRONICS ,4.0 AU,EE2001
2302,EE2004 ,DIGITAL ELECTRONICS ,4.0 AU,
2303,EE2006 ,ENGINEERING MATHEMATICS I ,4.0 AU,FE1007 OR MATH1B OR EE2092 OR MH1811 OR MH2810 OR CY1602
2304,EE2008 ,DATA STRUCTURES & ALGORITHMS ,4.0 AU,
2305,EE2010 ,SIGNALS & SYSTEMS ,4.0 AU,FE1006 & FE1007 OR MATH1A & MATH1B OR EE2092 OR MH1810 & MH1811 OR FE1006 & MH1811 OR FE1007 & MH1810 OR MH2810 OR CY1601 & CY1602
2306,EE2073 ,INTRODUCTION TO EEE DESIGN & PROJECT ,2.0 AU,
2314,E2003L ,SEMICONDUCTOR FUNDAMENTALS ,.0 AU,EE1002 OR FE1002
2315,E3001L ,ENGINEERING ELECTROMAGNETICS ,.0 AU,EE2007(Corequisite) OR MATH1C
2316,E3002L ,MICROPROCESSORS ,.0 AU,
2317,E3010L ,ELECTRICAL DEVICES & MACHINES ,.0 AU,EE2001
2318,E3011L ,MODELLING & CONTROL ,.0 AU,EE2006
2319,E3012L ,COMMUNICATION PRINCIPLES ,.0 AU,EE2010
2320,E3013L ,SEMICONDUCTOR DEVICES & PROCESSING ,.0 AU,EE2003 OR E281
2321,E3014L ,DIGITAL SIGNAL PROCESSING ,.0 AU,EE2010
2322,E3015L ,POWER SYSTEMS & PROTECTION ,.0 AU,EE2001
2323,E3017L ,COMPUTER COMMUNICATIONS ,.0 AU,
2324,E3018L ,INTRODUCTION TO PHOTONICS ,.0 AU,
2325,E3019L ,INTEGRATED ELECTRONICS ,.0 AU,EE2002
2326,EE0002 ,ENGINEERS & SOCIETY ,3.0 AU,
2327,EE2003 ,SEMICONDUCTOR FUNDAMENTALS ,4.0 AU,EE1002 OR CY1307
2328,EE2007 ,ENGINEERING MATHEMATICS II ,4.0 AU,FE1007 OR EE2092 OR MH1811 OR MH2810 OR CY1602
2329,EE3001 ,ENGINEERING ELECTROMAGNETICS ,4.0 AU,EE2007(Corequisite) OR MATH1C
2330,EE3002 ,MICROPROCESSORS ,4.0 AU,
2331,EE3010 ,ELECTRICAL DEVICES & MACHINES ,3.0 AU,EE2001
2332,EE3011 ,MODELLING & CONTROL ,3.0 AU,EE2006
2333,EE3012 ,COMMUNICATION PRINCIPLES ,3.0 AU,EE2010
2334,EE3013 ,SEMICONDUCTOR DEVICES & PROCESSING ,3.0 AU,EE2003
2335,EE3014 ,DIGITAL SIGNAL PROCESSING ,3.0 AU,EE2010
2336,EE3015 ,POWER SYSTEMS & CONVERSION ,3.0 AU,EE2001
2337,EE3017 ,COMPUTER COMMUNICATIONS ,3.0 AU,
2338,EE3018 ,INTRODUCTION TO PHOTONICS ,3.0 AU,
2339,EE3019 ,INTEGRATED ELECTRONICS ,3.0 AU,EE2002
2340,EE3080 ,DESIGN & INNOVATION PROJECT ,2.0 AU,
2344,EE0040 ,ENGINEERS & SOCIETY ,3.0 AU,
2345,EE4110 ,OPTICAL COMMUNICATION SYSTEM DESIGN ,2.0 AU,
2346,EE4152 ,DIGITAL COMMUNICATIONS ,3.0 AU,E302 OR E312 OR EE3012
2347,EE4188 ,WIRELESS COMMUNICATIONS ,3.0 AU,E302 OR E312 OR EE3012
2348,EE4207 ,CONTROL ENGINEERING DESIGN ,2.0 AU,
2349,EE4265 ,PROCESS CONTROL SYSTEMS ,3.0 AU,EE3011
2350,EE4266 ,COMPUTER VISION ,3.0 AU,
2351,EE4268 ,ROBOTICS & AUTOMATION ,3.0 AU,EE3011
2352,EE4303 ,MIXED-SIGNAL IC DESIGN ,2.0 AU,EE3003 OR EE3019
2353,EE4340 ,VLSI SYSTEMS ,3.0 AU,EE2004 OR E280
2354,EE4341 ,ADVANCED ANALOG CIRCUITS ,3.0 AU,EE3003 OR EE3019
2355,EE4413 ,DSP SYSTEM DESIGN ,2.0 AU,
2356,EE4475 ,AUDIO SIGNAL PROCESSING ,3.0 AU,
2357,EE4476 ,IMAGE PROCESSING ,3.0 AU,
2358,EE4483 ,ARTIFICIAL INTELLIGENCE & DATA MINING ,3.0 AU,
2359,EE4491 ,PROBABILITY THEORY & APPLICATIONS ,3.0 AU,EE2010 OR IM2004
2360,EE4503 ,POWER ENGINEERING DESIGN ,2.0 AU,EE3010 & EE3015
2361,EE4530 ,POWER SYSTEM ANALYSIS & CONTROL ,3.0 AU,EE2005 OR EE3010 & EE3015
2362,EE4532 ,POWER ELECTRONICS & DRIVES ,3.0 AU,EE2005 OR EE3010 & EE3015
2363,EE4613 ,CMOS PROCESS & DEVICE SIMULATION ,2.0 AU,EE3013
2364,EE4646 ,VLSI TECHNOLOGY ,3.0 AU,EE3013
2365,EE4647 ,MICROELECTRONIC DEVICES ,3.0 AU,EE2003
2366,EE4717 ,WEB APPLICATION DESIGN ,2.0 AU,
2367,EE4758 ,INFORMATION SECURITY ,3.0 AU,
2368,EE4761 ,COMPUTER NETWORKING ,3.0 AU,EE3017 OR E450N
2369,EE4838 ,LASER ENGINEERING & APPLICATIONS ,3.0 AU,
2370,EE4901 ,BIOMEDICAL CONTROL SYSTEM DESIGN ,2.0 AU,
2371,EE4903 ,PHYSIOLOGICAL SYSTEMS ANALYSIS ,3.0 AU,
2377,ES0138 ,INTRODUCTION TO SCIENTIFIC WRITING ,2.0 AU,ES1001(Corequisite)
2378,ES1001 ,E2S2: ENVIRONMENT & SOCIETY ,4.0 AU,
2379,ES2003 ,E2S2 BIOSPHERE ,4.0 AU,
2381,ES3801 ,BIOGEOCHEMISTRY* ,3.0 AU,
2386,MH2500 ,PROBABILITY & INTRODUCTION TO STATISTICS* ,4.0 AU,MH1100 & MH1101 OR MH1800 & MH1801 OR MH1101 & MH110S OR MH1100 & MH111S OR MH1802 OR CY1601
2387,PH1104 ,MECHANICS* ,3.0 AU,
2388,PH1105 ,"OPTICS, VIBRATIONS & WAVES* ",3.0 AU,
2392,ES2001 ,COMPUTATIONAL EARTH SYSTEMS SCIENCE ,4.0 AU,MH1800 & MH1801 OR MH1100 & MH1101 OR CY1201 & CY1202 OR CY1601 & CY1602 OR MH1802
2394,ES2802 ,GIS & THE EARTH SYSTEM* ,3.0 AU,ES1003 & ES2001(Corequisite)
2398,ES8001 ,NATURAL HAZARDS & SOCIETY*# ,3.0 AU,
2409,ES3101 ,PETROLEUM GEOLOGY* ,4.0 AU,ES2002 & ES2004 & ES3002
2492,DD8011 ,AESTHETIC MANIFESTATIONS OF BUDDHIST DEVOTION & PRACTICE*# ,3.0 AU,
2499,HL1002 ,SURVEY OF ENGLISH LITERATURE 1* ,3.0 AU,HL101 OR HL1001
2500,HL2001 ,MEDIEVAL LITERATURE* ,3.0 AU,HL101(Corequisite) OR HL1001(Corequisite)
2501,HL2002 ,RENAISSANCE LITERATURE* ,3.0 AU,HL101(Corequisite) OR HL1001(Corequisite)
2502,HL2004 ,SENSIBILITY & ROMANTICISM* ,3.0 AU,HL101 OR HL1001
2503,HL2006 ,MODERNISM* ,3.0 AU,HL1001
2504,HL2007 ,CONTEMPORARY LITERATURE & CULTURE* ,3.0 AU,HL101 OR HL1001
2505,HL2020 ,CREATIVE WRITING WORKSHOP* ,3.0 AU,HL101(Corequisite) OR HL1001(Corequisite)
2506,HL2024 ,APPROACHES TO LITERATURE* ,3.0 AU,HL101(Corequisite) OR HL1001(Corequisite)
2507,HL2027 ,EARLY AMERICAN LITERATURE* ,3.0 AU,"HL101 (Applicable to ELH) OR HL101(Corequisite) ,ELH) OR HL1001 (Applicable to ELH) OR HL1001(Corequisite) ,ELH)"
2508,HL2032 ,AFRICAN LITERATURE* ,3.0 AU,HL1001 (Applicable to ELH)
2509,HL2033 ,IRISH WRITING: ROMANTICISM TO MODERNISM* ,3.0 AU,HL1001
2510,HL2041 ,ASIAN HISTORICAL FICTION* ,3.0 AU,HL1001
2511,HL2042 ,CHILDREN'S LITERATURE* ,3.0 AU,HL1001
2544,HL3001 ,FILM THEORY* ,3.0 AU,HL101(Corequisite) OR HL1001(Corequisite) OR FL8001 (Min Grade :B)
2545,HL3002 ,"FILM, POLITICS & ETHICS* ",3.0 AU,HL101 OR HL1001 OR FL8001 (Min Grade :B)
2546,HL3006 ,MODERN DRAMA* ,3.0 AU,HL101(Corequisite) OR HL1001(Corequisite)
2547,HL3011 ,SCIENCE FICTION:ORIGINS TO PARODY* ,3.0 AU,HL101(Corequisite) OR HL1001(Corequisite)
2548,HL3014 ,LATIN AMERICAN LITERATURE* ,3.0 AU,HL1001
2549,HL3016 ,GENDER & SEXUALITY STUDIES* ,3.0 AU,HL101 OR HL1001 OR FL8001 (Min Grade :B)
2550,HL3038 ,THEATRE OF THE ABSURD* ,3.0 AU,HL1001
2551,HL3041 ,GLOBAL CITIES IN WORLD LITERATURE* ,3.0 AU,HL1001
2588,HL4009 ,POPULAR LITERATURE & CULTURE* ,4.0 AU,HL101 OR HL1001
2589,HL4010 ,FEMINIST STUDIES* ,4.0 AU,HL1001
2590,HL4013 ,ADVANCED STUDIES IN LITERATURE & CULTURE* ,4.0 AU,HL101 OR HL1001
2591,HL4019 ,ADVANCED STUDIES IN VICTORIAN LITERATURE* ,4.0 AU,HL101 OR HL1001
2592,HL4020 ,ADVANCED STUDIES IN MODERNIST LITERATURE* ,4.0 AU,HL101 OR HL1001
2593,HL4023 ,ADVANCED STUDIES IN AMERICAN LITERATURE* ,4.0 AU,HL1001(Corequisite)
2594,HL4024 ,ADVANCED STUDIES IN CONTEMPORARY LITERATURE* ,4.0 AU,HL1001
2595,HL4030 ,SCOTTISH LITERATURE* ,4.0 AU,HL1001
2596,HL4034 ,BRITISH ASIAN LITERATURE* ,4.0 AU,HL1001
2597,HL4036 ,LITERATURE & MEDICINE* ,4.0 AU,HL1001
2783,EN2001 ,ENVIRONMENTAL ISSUES IN A CHANGING WORLD ,3.0 AU,
2790,EN2002 ,ENVIRONMENTAL BIOLOGY & MICROBIOLOGY ,3.0 AU,
2791,EN2711 ,ENVIRONMENTAL ENGINEERING LABORATORY A ,1.0 AU,
2802,EN3001 ,SOLID & HAZARDOUS WASTE MANAGEMENT ,3.0 AU,
2803,EN3002 ,WASTEWATER ENGINEERING ,3.0 AU,
2804,EN3003 ,ENVIRONMENTAL TRANSPORT PROCESSES ,3.0 AU,
2810,CV4116 ,COASTAL ENGINEERING ,3.0 AU,CV2602 OR EN3601 OR CV2015
2812,EN4105 ,INTEGRATED ENVIRONMENTAL MANAGEMENT ,3.0 AU,
2813,EN4711 ,SEMINARS & SITE VISITS ,1.0 AU,
2816,FE1073 ,AN INTRODUCTION TO ENGINEERING & PRACTICES ,1.0 AU,
2821,MH1811 ,MATHEMATICS 2 ,3.0 AU,"Pre-requisite, MH1810 applicable to AY2017 cohorts onwards MH1810(Corequisite)"
2862,MA1002 ,FUNDAMENTAL ENGINEERING MATERIALS ,3.0 AU,
2865,MA2002 ,THEORY OF MECHANISM* ,3.0 AU,MA1001
2867,MA2004 ,MANUFACTURING PROCESSES ,3.0 AU,
2868,MA2009 ,INTRODUCTION TO ELECTRICAL CIRCUITS & ELECTRONIC DEVICES* ,3.0 AU,
2880,ES3003 ,INTRODUCTION TO GEOCHEMISTRY* ,4.0 AU,ES1003
2882,ES3306 ,GLOBAL CHANGE ECOLOGY* ,3.0 AU,ES2303
2968,HH1001 ,WHAT IS HISTORY?* ,3.0 AU,
2969,HH1003 ,ASIA-PACIFIC IN GLOBAL HISTORY: FROM 1800* ,3.0 AU,
2970,HH2001 ,SINGAPORE: THE MAKING OF A COSMOPOLITAN CITY-STATE* ,3.0 AU,HH1001
2971,HH2015 ,BIOPOLITICS & EAST ASIAN HISTORY* ,3.0 AU,
2972,HH2017 ,HISTORY OF INFORMATION TECHNOLOGY* ,3.0 AU,
2973,HH2030 ,ANCIENT & MEDIEVAL JAPAN* ,3.0 AU,
2974,HH2031 ,HISTORY OF FOOD IN CHINA* ,3.0 AU,
2975,HH3001 ,HISTORIOGRAPHY: THEORY & METHODS* ,3.0 AU,HH1001
2976,HH3012 ,THE UNITED STATES & THE VIETNAM WARS* ,3.0 AU,
2977,HH3019 ,HISTORY OF THE BODY* ,3.0 AU,
2978,HH3020 ,INTRODUCTION TO KOREAN HISTORY* ,3.0 AU,
2979,HH3028 ,GLOBAL HISTORY OF CAPITALISM* ,3.0 AU,HH1001
2980,HH3033 ,BUDDHISM: A SOCIAL & INTELLECTUAL HISTORY* ,3.0 AU,HH1001
2981,HH3039 ,MARITIME ASIA IN THE LONGUE DUREE* ,3.0 AU,HH1002 & HH1003
3006,HH4006 ,THE GREEN EARTH: ISSUES IN ENVIRONMENTAL HISTORY* ,4.0 AU,HH1001
3007,HH4007 ,INTERNATIONAL HISTORY OF THE COLD WAR* ,4.0 AU,HH1001 OR HH9101
3008,HH4010 ,"DISSENT, RESISTANCE, REBELLION* ",4.0 AU,HH1001
3009,HH4012 ,INTELLECTUAL HISTORY OF MODERN CHINA* ,4.0 AU,HH1001
3010,HH4022 ,COLONIAL MEDICAL PRACTICES IN SINGAPORE* ,4.0 AU,
3011,HH4091 ,SPECIAL TOPICS IN HISTORY- INTERDISCIPLINARY HISTORY* ,4.0 AU,
3095,DA1000 ,THINKING & COMMUNICATING VISUALLY I ,3.0 AU,
3102,IM1001 ,DATA STRUCTURES & ALGORITHMS ,4.0 AU,
3103,IM1004 ,DIGITAL ELECTRONICS ,4.0 AU,
3107,CS2006 ,THEORIES OF VISUAL COMMUNICATION & THEIR APPLICATIONS* ,3.0 AU,
3109,DA2002 ,THINKING & COMMUNICATING VISUALLY II ,3.0 AU,ART190 OR DA1000
3119,IM2002 ,MICROPROCESSORS ,4.0 AU,
3120,IM2003 ,COMPUTER COMMUNICATIONS ,3.0 AU,
3121,IM2004 ,SIGNALS & SYSTEMS ,4.0 AU,FE1006 & FE1007 OR IM2092 OR IM1006 & IM1007 OR MH1810 & MH1811 OR MH2810
3122,IM2006 ,ENGINEERING MATHEMATICS I ,4.0 AU,IM2092 OR FE1007 OR IM1007 OR MH1811 OR MH2810
3123,IM2007 ,ENGINEERING MATHEMATICS II ,4.0 AU,FE1007 OR IM2092 OR IM1007 OR MH1811 OR MH2810
3131,DA3000 ,THINKING & COMMUNICATING VISUALLY III ,3.0 AU,"ART290 (Applicable to IEM) OR ART290 ,IEEC) OR DA1000"
3138,IM0040 ,ENGINEERS & SOCIETY ,3.0 AU,
3143,IM3001 ,DIGITAL SIGNAL PROCESSING ,3.0 AU,IM2004
3144,IM3002 ,COMMUNICATION PRINCIPLES ,3.0 AU,IM2004
3145,IM3003 ,INFORMATION SECURITY ,3.0 AU,
3146,IM3080 ,DESIGN & INNOVATION PROJECT ,2.0 AU,
3151,CS2024 ,WEB DESIGN & TECHNOLOGIES* ,3.0 AU,
3163,IM4152 ,DIGITAL COMMUNICATIONS ,3.0 AU,IM3002
3164,IM4188 ,WIRELESS COMMUNICATIONS ,3.0 AU,IM3002
3165,IM4413 ,DSP SYSTEM DESIGN ,2.0 AU,
3166,IM4475 ,AUDIO SIGNAL PROCESSING ,3.0 AU,
3167,IM4476 ,IMAGE PROCESSING ,3.0 AU,
3168,IM4483 ,ARTIFICIAL INTELLIGENCE & DATA MINING ,3.0 AU,
3169,IM4717 ,WEB APPLICATION DESIGN ,2.0 AU,
3170,IM4761 ,COMPUTER NETWORKING ,3.0 AU,IM2003
3173,HG2001 ,MORPHOLOGY & SYNTAX* ,3.0 AU,HG2034
3174,HG2002 ,SEMANTICS & PRAGMATICS* ,3.0 AU,HG101 OR HG1001
3176,HG2021 ,INTERCULTURAL COMMUNICATION* ,3.0 AU,
3177,HG2023 ,LANGUAGE & GENDER* ,3.0 AU,
3178,HG2032 ,GLOBALISATION & WORLD ENGLISHES* ,3.0 AU,
3179,HG2033 ,INTRODUCTION TO CONVERSATION ANALYSIS* ,3.0 AU,HG1001
3180,HG2034 ,STRUCTURE OF MODERN ENGLISH* ,3.0 AU,
3181,HG2051 ,LANGUAGE & THE COMPUTER* ,3.0 AU,
3182,HG2095 ,CODES FR THE PAST:A GENERAL INTRO TO THE HIST OFCRYPTOGRAPHY* ,3.0 AU,HG2020
3183,HG2097 ,WHAT'S IN A NAME? A GENERAL INTRODUCTION TO ETYMOLOGY* ,3.0 AU,
3184,HG3022 ,SOCIOLINGUISTICS OF A REGION* ,3.0 AU,HG2020
3204,HG3005 ,RESEARCH METHODS IN LINGUISTICS II - STATISTICAL ANALYSIS* ,3.0 AU,HG1001
3206,HG3024 ,A WOR(L)D IN MOTION: THE SOCIOLINGUISTICS OF GLOBALIZATION* ,3.0 AU,HG2020
3207,HG3025 ,LANGUAGE VARIATION* ,3.0 AU,HG2020
3208,HG3052 ,SPEECH SYNTHESIS & RECOGNITION* ,3.0 AU,HG2003
3238,HG4011 ,LANGUAGE & THE BRAIN* ,4.0 AU,HG101 OR HG1001
3239,HG4022 ,FORENSIC LINGUISTICS* ,4.0 AU,HG1001 & HG2010 & HG2020
3240,HG4041 ,THEORIES OF GRAMMAR* ,4.0 AU,HG2001 & HG2034
3241,HG4047 ,PRAGMATIC THEORY* ,4.0 AU,HG2001 & HG2002 & HG2003
3242,HG4049 ,SEMANTIC ANALYSIS* ,4.0 AU,HG2001 & HG2002 & HG2003 OR HG201 & HG202 & HG203
3243,HG4063 ,SPECIAL TOPIC: ADVANCED WORLD ENGLISHES* ,4.0 AU,HG2001 & HG2003 & HG2034
3244,HG4070 ,EXPERIMENTAL PHONETICS* ,4.0 AU,HG2003
3297,MH1100 ,CALCULUS I* ,4.0 AU,
3298,MH1200 ,LINEAR ALGEBRA I* ,4.0 AU,
3299,MH1300 ,FOUNDATIONS OF MATHEMATICS* ,4.0 AU,
3300,MH2100 ,CALCULUS III* ,4.0 AU,MH1101 OR MH1802 (Applicable to DSAI)
3301,MH2401 ,ALGORITHMS & COMPUTING III* ,2.0 AU,MH1100 & MH1101 & MH1200 & MH1401 & MH1402 OR MH1101 & MH110S & MH1200 & MH1401 & MH1402 OR MH1100 & MH111S & MH1200 & MH1401 & MH1402 OR MH110S & MH111S & MH1200 & MH1401 & MH1402
3303,MH3101 ,COMPLEX ANALYSIS* ,4.0 AU,MAS211 & MAS212 OR MTH113 & MTH211 OR MH1101 & MH2100
3304,MH3210 ,NUMBER THEORY* ,4.0 AU,MAS214 OR MTH116 OR MH1300
3305,MH3300 ,GRAPH THEORY* ,4.0 AU,MAS214 & MAS215 OR MTH116 & MTH214 OR MAS214 & MTH214 OR MAS215 & MTH116 OR MH1301 & MH2500
3307,MH3512 ,STOCHASTIC PROCESSES* ,4.0 AU,MAS215 OR MTH214 OR MH2500
3308,MH3600 ,KNOTS & SURFACES:INTRODUCTION TO TOPOLOGY* ,4.0 AU,MH2100 & MH2200 OR MH1803 & MH2200
3309,MH4200 ,ABSTRACT ALGEBRA II* ,4.0 AU,MAS213 & MAS313 OR MAS313 & MTH115 OR MAS213 & MTH321 OR MTH115 & MTH321 OR MH1201 & MH3200
3310,MH4311 ,CRYPTOGRAPHY* ,4.0 AU,MH1301 & MH2200 OR MTH116 & MTH212
3313,MH4511 ,SAMPLING & SURVEY* ,4.0 AU,MAS215 & MAS315 OR MTH214 & MTH351 OR MH2500 & MH3500
3451,MH2200 ,GROUPS & SYMMETRIES* ,3.0 AU,MH1200 OR CY1602
3499,BU8601 ,FUNDAMENTALS OF MANAGEMENT*# ,3.0 AU,
3563,MH2811 ,MATHEMATICS II ,3.0 AU,MH1810(Corequisite)
3566,MS0002 ,ENGINEERS & SOCIETY ,3.0 AU,
3567,MS1008 ,INTRODUCTION TO COMPUTATIONAL THINKING ,3.0 AU,
3568,MS1013 ,MATERIALS CHEMISTRY I ,3.0 AU,
3569,MS1015 ,MATERIALS SCIENCE ,3.0 AU,
3570,MS1016 ,THERMODYNAMICS OF MATERIALS ,3.0 AU,MS1015(Corequisite)
3571,MS2012 ,INTRODUCTION TO MANUFACTURING PROCESSES ,3.0 AU,
3572,MS2013 ,POLYMERS & COMPOSITES ,3.0 AU,MS1014(Corequisite)
3573,MS2014 ,MATERIALS STRUCTURE & DEFECTS ,3.0 AU,MS1015(Corequisite)
3574,MS2015 ,MECHANICAL BEHAVIOUR OF MATERIALS ,3.0 AU,
3575,MS2016 ,PHASE TRANSFORMATION & KINETICS ,3.0 AU,MS1016(Corequisite)
3576,MS2018 ,ELECTRONICS & MAGNETIC PROPERTIES OF MATERIALS ,3.0 AU,MS1012(Corequisite)
3577,MS2081 ,LABORATORY IIA ,1.0 AU,
3578,MS2082 ,LABORATORY IIB ,1.0 AU,
3579,MS3011 ,METALLIC & CERAMIC MATERIALS ,3.0 AU,MS2016(Corequisite)
3580,MS3012 ,MICRO/NANOELECTRONIC MATERIALS PROCESSING ,3.0 AU,
3581,MS3013 ,ENVIRONMENTAL EFFECTS ON MATERIALS ,3.0 AU,MS2013(Corequisite) & MS3011(Corequisite)
3582,MS3014 ,ANALYSIS OF MATERIALS ,3.0 AU,
3583,MS3015 ,MATERIALS ASPECTS IN DESIGN ,3.0 AU,MS1015 & MS2013(Corequisite) & MS3011(Corequisite)
3584,MS3081 ,LABORATORY III ,1.0 AU,
3585,MS4012 ,QUALITY CONTROL ,3.0 AU,
3586,MS4013 ,BIOMATERIALS ,3.0 AU,MS2013 & MS3011(Corequisite)
3587,MS4014 ,NANOMATERIALS: FUNDAMENTALS & APPLICATIONS ,3.0 AU,
3588,MS4601 ,PRINCIPLES OF SEMICONDUCTOR DEVICES* ,3.0 AU,MS2018
3589,MS4610 ,ADVANCED BIOMATERIALS* ,3.0 AU,MS3011(Corequisite) & MS4013(Corequisite)
3590,MS4613 ,WEARABLE SENSORS FOR HEALTHCARE ,3.0 AU,
3591,MS4620 ,POLYMER TECHNOLOGY* ,3.0 AU,MS2013
3592,MS4631 ,CORROSION ENGINEERING* ,3.0 AU,MS3013
3593,MS4640 ,ADVANCED ANALYSIS OF MATERIALS* ,3.0 AU,MS3014(Corequisite)
3594,MS4650 ,FUNCTIONAL NANOSTRUCTURE MATERIALS* ,3.0 AU,MS4014(Corequisite)
3595,MS4651 ,THIN FILM TECHNOLOGY* ,3.0 AU,
3596,MS4660 ,FUNDAMENTALS OF INTELLECTUAL PROPERTY IN MATLS SCI & ENG* ,3.0 AU,
3597,MS8001 ,MANAGEMENT WITH HUMOUR*# ,3.0 AU,
3598,MS8205 ,MATERIALS FOR ENERGY CONVERSION* ,3.0 AU,
3599,MS8301 ,MATERIALS & MAN*# ,3.0 AU,
3806,PH3502 ,CHAOTIC DYNAMICAL SYSTEMS* ,4.0 AU,PH2104
3962,MA2071 ,LABORATORY EXPERIMENTS (ME) ,1.0 AU,
3976,MA3002 ,SOLID MECHANICS & VIBRATION ,3.0 AU,MA2001
3978,MA3004 ,MATHEMATICAL METHODS IN ENGINEERING ,3.0 AU,MH1810 & MH1811 OR CY1203 OR MH2812 OR FE1006 & FE1007 OR FE1006 & MH1811 OR CY1602 OR MH2810
3979,MA3005 ,CONTROL THEORY ,3.0 AU,MA2006 (Min Grade :I)
3981,MA3071 ,ENGINEERING EXPERIMENTS (ME) ,1.0 AU,
3996,MA4001 ,ENGINEERING DESIGN ,4.0 AU,MA3001 (Min Grade :I)
3998,MA4803 ,NOISE & VIBRATION CONTROL ,3.0 AU,MA1001
4000,MA4811 ,PSYCHROMETRY & AIR CONDITIONING ,3.0 AU,MA3003
4002,MA4825 ,ROBOTICS ,3.0 AU,MA3001 & MA3005
4003,MA4830 ,REALTIME SOFTWARE FOR MECHATRONIC SYSTEMS ,3.0 AU,
4004,MA4832 ,MICROPROCESSOR SYSTEMS ,3.0 AU,
4005,MA4838 ,NON-CONVENTIONAL MANUFACTURING PROCESSES ,3.0 AU,
4006,MA4842 ,ENGINEERING METROLOGY ,3.0 AU,
4008,MA4850 ,SUPPLY CHAIN & LOGISTICS MANAGEMENT* ,3.0 AU,
4009,MA4856 ,NAVAL ARCHITECTURE & MARINE ENGINEERING ,3.0 AU,
4010,MA4857 ,HUMAN FACTORS FOR DESIGN ,3.0 AU,
4011,MA4858 ,PRODUCT DESIGN ,3.0 AU,MA2013 & MA2014
4033,MA2014 ,PRODUCT PRESENTATION ,3.0 AU,
4048,MA3010 ,THERMODYNAMICS & HEAT TRANSFER ,3.0 AU,MA2003
4053,MA4011 ,ENGINEERING PRODUCT DESIGN ,4.0 AU,MA3001 (Min Grade :F)
4071,MA2012 ,INTRODUCTION TO MECHATRONICS SYSTEMS DESIGN ,3.0 AU,
4094,BU8101 ,ACCOUNTING: A USER PERSPECTIVE*# ,3.0 AU,
4095,BU8301 ,FUNDAMENTALS OF BUSINESS LAW*# ,3.0 AU,
4101,MT1001 ,MATHEMATICS I FOR MARITIME STUDIES ,3.0 AU,
4107,MT2002 ,SHIPPING ECONOMICS ,3.0 AU,
4108,MT2003 ,MARITIME TECHNOLOGY ,3.0 AU,
4111,MT4001 ,SHIPPING LOGISTICS ,3.0 AU,
4112,MT4002 ,ESSENTIALS OF PROJECT MANAGEMENT ,3.0 AU,
4113,MT4003 ,MARITIME STRATEGY ,3.0 AU,
4114,MT4101 ,INTERMODAL TRANSPORTATION ,3.0 AU,
4115,MT4104 ,INFORMATION TECHNOLOGY MANAGEMENT ,3.0 AU,
4159,HS1003 ,SOCIAL PROBLEMS IN A GLOBAL CONTEXT* ,3.0 AU,
4163,HY1002 ,SYMBOLIC LOGIC* ,3.0 AU,
4164,HY2002 ,MORAL PHILOSOPHY* ,3.0 AU,
4165,HY2003 ,CHINESE PHILOSOPHY* ,3.0 AU,
4166,HY2005 ,POLITICAL PHILOSOPHY* ,3.0 AU,
4168,HY3010 ,PHILOSOPHY OF SCIENCE* ,3.0 AU,
4169,HY3012 ,PHILOSOPHY OF TECHNOLOGY* ,3.0 AU,
4170,HY3014 ,19TH CENTURY CONTINENTAL PHILOSOPHY* ,3.0 AU,
4171,HY3910 ,PHILOSOPHY OF SCIENCE ,3.0 AU,
4172,HY3912 ,PHILOSOPHY OF TECHNOLOGY ,3.0 AU,
4173,HY4121 ,SPECIAL TOPICS IN ETHICS II* ,4.0 AU,
4194,HS1001 ,PERSON & SOCIETY* ,3.0 AU,
4196,HS2001 ,CLASSICAL SOCIAL THEORY* ,3.0 AU,HS101 OR HS1001
4211,HY4003 ,ADVANCED EPISTEMOLOGY* ,4.0 AU,HY1002
4212,HY4015 ,PHILOSOPHICAL METHODOLOGIES* ,4.0 AU,HY1001
4213,HY4021 ,PRACTICAL RATIONALITY* ,4.0 AU,HY2002
4214,HY4112 ,SPECIAL TOPICS IN PHILOSOPHY* ,4.0 AU,HY3005 OR HY1001 OR HY1002 OR HY2002 OR HY2010 OR HY2012 OR HY2003 OR HY2004 OR HY3010 OR HY3012 OR HY2005 OR HY2008 OR HY2014 OR HY2015 OR HY2016 OR HY2017 OR HY3001 OR HY3003 OR HY3004 OR HY3011 OR HY9202
4216,HY4123 ,SPECIAL TOPICS IN CHINESE PHILOSOPHY II* ,4.0 AU,
4311,MH2801 ,COMPLEX METHODS FOR THE SCIENCES* ,3.0 AU,MH1801 & MH2800 OR MH1101 & MH1200 OR MH1200 & MH1802 & MH1803 OR MH1802 & MH1803 & MH2802 OR CY1601 & CY1602
4330,PH1198 ,PHYSICS LABORATORY IA ,2.0 AU,
4331,PH2103 ,THERMAL PHYSICS* ,4.0 AU,MH2800 & PH1104 OR MH1803 & MH2802 & PH1104 OR CY1308 & CY1601 & CY1602
4332,PH2104 ,ANALYTICAL MECHANICS* ,4.0 AU,MH2800 & PH1104 OR MH1803 & MH2802 & PH1104 OR CY1308 & CY1601 & CY1602
4333,PH2198 ,PHYSICS LABORATORY IIA* ,2.0 AU,PH1198 OR CY1400
4368,PH3199 ,PHYSICS LAB IIIA ,2.0 AU,PH2198 & PH2199
4374,PH3101 ,QUANTUM MECHANICS II* ,4.0 AU,MH2801 & PH2101 OR CY1303 & MH2801
4375,PH3102 ,CONDENSED MATTER PHYSICS I* ,4.0 AU,PH1105 & PH2101 & PH2103
4377,PH3399 ,PHYSICS LAB IIIB ,2.0 AU,PAP218 & PAP219 OR PH2198 & PH2199
4378,PH3403 ,COSMOLOGY* ,3.0 AU,PH1107 & PH2101 & PH2103
4379,PH3601 ,FABRICATION OF MICRO-& NANOELECTRONIC DEVICES* ,4.0 AU,PH2102
4380,PH4604 ,TOPICS IN APPLIED PHYSICS* ,3.0 AU,
4381,PH4606 ,FUNDAMENTALS & APPLICATIONS OF ACOUSTICS* ,3.0 AU,Or by permission MH2801 & PH1104 & PH1105
4389,PH3404 ,PHYSICS OF CLASSICAL & QUANTUM INFORMATION* ,3.0 AU,MH1402 & PH2101
4390,PH3405 ,"SUPERCONDUCTIVITY,SUPERFLUIDITY & BOSE-EINSTEIN CONDENSATES* ",3.0 AU,PH2101
4392,PH4402 ,CONDENSED MATTER PHYSICS II* ,4.0 AU,PH3102 & PH3201
4393,PH4403 ,SURFACES & INTERFACES* ,4.0 AU,PH3102
4394,PH4408 ,NUCLEAR PHYSICS* ,3.0 AU,PH3101
4395,PH4411 ,INTRODUCTION TO EXPERIMENTAL PARTICLE PHYSICS* ,3.0 AU,
4398,PH4607 ,BIOMEDICAL IMAGING & SENSING* ,3.0 AU,PH2301
4427,PH4506 ,ELECTRODYNAMICS* ,4.0 AU,PAP212 OR PH2102
4428,PH4507 ,TOPICS IN PHYSICS* ,3.0 AU,
4441,PH4501 ,STATISTICAL MECHANICS II* ,4.0 AU,PH3101 & PH3201
4537,HS4080 ,HONOURS SEMINAR IN APPLIED SOCIOLOGY ,4.0 AU,HS1001 & HS2001 & HS2002 & HS3001 & HS3002 OR HS1001 & HS1004 & HS2001 & HS3001 & HS3002
4914,CE1015 ,INTRODUCTION TO DATA SCIENCE & ARTIFICIAL INTELLIGENCE ,3.0 AU,CE1003 OR BG2211 OR CH2107 OR CV1014 OR MS1008 OR MA1008 OR EE1005 OR RE1016
4927,CZ1015 ,INTRODUCTION TO DATA SCIENCE & ARTIFICIAL INTELLIGENCE ,3.0 AU,CZ1003 OR BG2211 OR CH2107 OR CV1014 OR MS1008 OR MA1008 OR EE1005 OR RE1016
4980,RE0003 ,COMMUNICATING AS A 21ST CENTURY ENGINEER ,3.0 AU,
4981,RE0011 ,WRITING & REASONING ,3.0 AU,
4982,RE1011 ,MATHEMATICS I ,4.0 AU,
4983,RE1013 ,MATERIALS & MANUFACTURING ,3.0 AU,
4984,RE1014 ,ELECTRONIC & INFORMATION ENGINEERING ,3.0 AU,
4985,RE1015 ,CHEMICAL & BIO ENGINEERING FUNDAMENTALS & APPLICATIONS ,3.0 AU,
5003,RE2011 ,RENAISSANCE DESIGN I ,4.0 AU,
5133,CV4107 ,ENGINEERING ECONOMICS & FINANCE# ,3.0 AU,
5278,HS1002 ,SINGAPORE SOCIETY IN TRANSITION* ,3.0 AU,
5281,HS2005 ,ORGANIZATIONS & ORGANIZATIONAL CHANGE* ,3.0 AU,HS1001
5298,HS2013 ,MIGRATION & MULTICULTURALISM* ,3.0 AU,HS1001
5300,HS3001 ,CONTEMPORARY SOCIAL THEORY* ,3.0 AU,HS101 & HS201 & HS202 OR HS101 & HS201 & HS203 OR HS101 & HS201 & HS204 OR HS101 & HS201 & HS205 OR HS1001 & HS2001 & HS2002 OR HS1001 & HS2001 & HS2003 OR HS1001 & HS2001 & HS2004 OR HS1001 & HS2001 & HS2005
5301,HS3002 ,UNDERSTANDING SOCIAL STATISTICS* ,3.0 AU,HS101 & HS202 & HS203 OR HS101 & HS202 & HS204 OR HS101 & HS202 & HS205 OR HS101 & HS201 & HS202 OR HS1001 & HS2002 & HS2003 OR HS1001 & HS2002 & HS2004 OR HS1001 & HS2002 & HS2005 OR HS1001 & HS2001 & HS2002 OR HS1001 & HS1004 & HS2003 OR HS1001 & HS1004 & HS2004 OR HS1001 & HS1004 & HS2005 OR HS1001 & HS1004 & HS2001
5302,HS3015 ,DEVELOPMENT & SOCIAL CHANGE* ,3.0 AU,HS101 & HS204 & HS205 OR HS101 & HS201 & HS202 OR HS101 & HS201 & HS203 OR HS101 & HS201 & HS204 OR HS101 & HS201 & HS205 OR HS101 & HS202 & HS203 OR HS101 & HS202 & HS204 OR HS101 & HS202 & HS205 OR HS101 & HS203 & HS204 OR HS101 & HS203 & HS205 OR HS1001 & HS2004 & HS2005 OR HS1001 & HS2001 & HS2002 OR HS1001 & HS2001 & HS2005 OR HS1001 & HS2002 & HS2005 OR HS1001 & HS2001 & HS2003 OR HS1001 & HS2001 & HS2004 OR HS1001 & HS2001 & HS2004 OR HS1001 & HS2002 & HS2003 OR HS1001 & HS2002 & HS2004 OR HS1001 & HS2003 & HS2005 OR HS1001 & HS2003 & HS2004 OR HU101 OR HU9001
5303,HS3016 ,SOCIETIES IN COMPARATIVE PERSPECTIVE* ,3.0 AU,HS101 & HS201 & HS202 OR HS101 & HS201 & HS203 OR HS101 & HS201 & HS204 OR HS101 & HS201 & HS205 OR HS101 & HS202 & HS203 OR HS101 & HS202 & HS204 OR HS101 & HS202 & HS205 OR HS101 & HS203 & HS204 OR HS101 & HS203 & HS205 OR HS101 & HS204 & HS205 OR HS1001 & HS2004 & HS2005 OR HS1001 & HS2001 & HS2002 OR HS1001 & HS2001 & HS2005 OR HS1001 & HS2002 & HS2005 OR HS1001 & HS2001 & HS2003 OR HS1001 & HS2001 & HS2004 OR HS1001 & HS2002 & HS2003 OR HS1001 & HS2003 & HS2004 OR HS1001 & HS2002 & HS2004 OR HS1001 & HS2003 & HS2005
5327,HS4001 ,RESEARCH PRACTICUM I: QUALITATIVE SOCIAL RESEARCH ,4.0 AU,HS101 & HS202 OR HS1001 & HS2002 OR HS1001 & HS1004 OR HS101 & HS104
5328,HS4002 ,RESEARCH PRACTICUM II: QUANTITATIVE SOCIAL RESEARCH ,4.0 AU,HS1001 & HS3002 OR HS101 & HS302
5329,HS4015 ,SOCIOLOGY OF REPRODUCTION* ,4.0 AU,HS1001 & HS2001 & HS2002 & HS3001 & HS3002 OR HS1001 & HS1004 & HS2001 & HS3001 & HS3002
5330,HS4023 ,SOCIOLOGY OF RISK & CRISIS* ,4.0 AU,HS1001 & HS2001 & HS2002 & HS3001 & HS3002 OR HS1001 & HS1004 & HS2001 & HS3001 & HS3002
5331,HS4031 ,GLOBAL CITIES* ,4.0 AU,HS1001 & HS1004 & HS2001 & HS3001 & HS3002 OR HS1001 & HS2001 & HS2002 & HS3001 & HS3002
5332,HS4901 ,RESEARCH PRACTICUM I: QUALITATIVE SOCIAL RESEARCH ,4.0 AU,HS101 & HS202 OR HS1001 & HS2002 OR HS1001 & HS1004 OR HS101 & HS104
5333,HS4902 ,RESEARCH PRACTICUM II: QUANTITATIVE SOCIAL RESEARCH ,4.0 AU,HS1001 & HS3002 OR HS101 & HS302
5357,HS4027 ,CULTURAL POLITICS OF DEVELOPMENT & THE ENVIRONMENT* ,4.0 AU,HS1001 & HS1004 & HS2001 & HS3001 & HS3002 OR HS1001 & HS2001 & HS2002 & HS3001 & HS3002
5366,SS0111 ,SPORT & CULTURE IN SINGAPORE: A SOCIOLOGICAL PERSPECTIVE ,3.0 AU,
5367,SS1101 ,HUMAN ANATOMY & PHYSIOLOGY* ,3.0 AU,
5368,SS1102 ,INTRODUCTION TO SPORT MANAGEMENT ,3.0 AU,
5369,SS1104 ,INTRODUCTION TO HEALTH & WELLNESS* ,3.0 AU,
5370,SS9001 ,CONDITIONING FOR PHYSICAL FITNESS* ,3.0 AU,
5371,SS9002 ,PRINCIPLES OF STRENGTH TRAINING* ,3.0 AU,
5372,SS9003 ,INTRODUCTION TO PILATES MATWORK & HATHA YOGA* ,3.0 AU,
5373,SS9101 ,BADMINTON* ,3.0 AU,
5374,SS9102 ,TENNIS* ,3.0 AU,
5375,SS9103 ,SQUASH* ,3.0 AU,
5376,SS9104 ,BASKETBALL* ,3.0 AU,
5377,SS9105 ,VOLLEYBALL* ,3.0 AU,
5378,SS9106 ,NETBALL* ,3.0 AU,
5379,SS9107 ,TABLE TENNIS* ,3.0 AU,
5380,SS9202 ,SOCCER* ,3.0 AU,
5381,SS9203 ,HOCKEY* ,3.0 AU,
5382,SS9204 ,FLOORBALL* ,3.0 AU,
5383,SS9205 ,RUGBY* ,3.0 AU,
5384,SS9206 ,TCHOUKBALL* ,3.0 AU,
5385,SS9302 ,DANCESPORT* ,3.0 AU,
5386,SS9303 ,INTRODUCTION TO HIP-HOP & ITS DANCES* ,3.0 AU,
5387,SS9304 ,INTRODUCTION TO MODERN JAZZ DANCE* ,3.0 AU,
5388,SS2101 ,FOUNDATIONS OF MOTOR BEHAVIOUR* ,3.0 AU,
5389,SS2102 ,INTRODUCTION TO SPORT BIOMECHANICS* ,3.0 AU,
5390,SS2103 ,SPORT COACHING: FOUNDATIONS OF COACHING* ,3.0 AU,
5391,SS2104 ,SPORT MARKETING & SPONSORSHIP ,3.0 AU,
5392,SS2105 ,SEMINARS IN CURRENT ISSUES OF SPORT ,1.0 AU,
5412,HW0228 ,SCIENTIFIC COMMUNICATION II ,2.0 AU,HW0128 OR HW0138
5414,SS3010 ,APPLIED STATISTICS ,3.0 AU,
5415,SS3111 ,ENVIRONMENTAL EXERCISE PHYSIOLOGY ,3.0 AU,SS1105
5416,SS3113 ,APPLIED SPORT INJURIES ,3.0 AU,SS2108
5417,SS3211 ,EXPERIMENTAL BIOMECHANICS ,3.0 AU,SS2102
5418,SS3311 ,ADVANCED TOPICS IN EXERCISE & SPORT PSYCHOLOGY ,3.0 AU,SS1106
5419,SS3411 ,MOTOR CONTROL & LEARNING: THEORY TO PRACTICE ,3.0 AU,SS2101
5420,SS3412 ,ADAPTED PHYSICAL ACTIVITY & RECREATION ,3.0 AU,SS2106
5421,SS3611 ,EVENT & FACILITIES MANAGEMENT ,3.0 AU,
5422,SS3612 ,HUMAN RESOURCE MANAGEMENT IN SPORT ,3.0 AU,
5423,SS3613 ,LEGAL ASPECTS IN SPORT ,3.0 AU,
5424,SS3614 ,SPORT MEDIA & COMMUNICATION ,3.0 AU,
5425,SS3619 ,ADVANCED TOPICS IN SPORT MARKETING & SPONSORSHIP ,3.0 AU,SS2104
5426,SS3620 ,SPORT IN SOCIETY ,3.0 AU,
5427,SS3621 ,"SPORT TECHNOLOGY, INNOVATION & ENTREPRENEURSHIP ",3.0 AU,
7250,GC0001 PT,SUSTAINABILITY: SEEING THROUGH THE HAZE PT,1.0 AU,
7251,HW0001 PT,INTRODUCTION TO ACADEMIC COMMUNICATION PT,.0 AU,
7252,MH2810 PT,MATHEMATICS A PT,4.0 AU,
7253,PH1012 PT,PHYSICS A PT,4.0 AU,
7254,E2001L PT,CIRCUIT ANALYSIS PT,.0 AU,
7255,E2002L PT,ANALOG ELECTRONICS PT,.0 AU,EE2001
7256,E2008L PT,DATA STRUCTURES & ALGORITHMS PT,.0 AU,
7257,EE2001 PT,CIRCUIT ANALYSIS PT,4.0 AU,
7258,EE2002 PT,ANALOG ELECTRONICS PT,4.0 AU,EE2001
7259,EE2006 PT,ENGINEERING MATHEMATICS I PT,4.0 AU,FE1007 OR MATH1B OR EE2092 OR MH1811 OR MH2810 OR CY1602
7260,EE2007 PT,ENGINEERING MATHEMATICS II PT,4.0 AU,FE1007 OR EE2092 OR MH1811 OR MH2810 OR CY1602
7261,EE2008 PT,DATA STRUCTURES & ALGORITHMS PT,4.0 AU,
7262,E3001L PT,ENGINEERING ELECTROMAGNETICS PT,.0 AU,EE2007(Corequisite) OR MATH1C
7263,E3010L PT,ELECTRICAL DEVICES & MACHINES PT,.0 AU,EE2001
7264,E3012L PT,COMMUNICATION PRINCIPLES PT,.0 AU,EE2010
7265,EE0040 PT,ENGINEERS & SOCIETY PT,3.0 AU,
7266,EE2073 PT,INTRODUCTION TO EEE DESIGN & PROJECT PT,2.0 AU,
7267,EE3001 PT,ENGINEERING ELECTROMAGNETICS PT,4.0 AU,EE2007(Corequisite) OR MATH1C
7268,EE3010 PT,ELECTRICAL DEVICES & MACHINES PT,3.0 AU,EE2001
7269,EE3012 PT,COMMUNICATION PRINCIPLES PT,3.0 AU,EE2010
7270,HW0288 PT,ENGINEERING COMMUNICATION II PT,2.0 AU,Year 3 standing HW0188 (Not Applicable to IEM)
7271,HY0001 PT,ETHICS & MORAL REASONING PT,1.0 AU,
7272,EE4110 PT,OPTICAL COMMUNICATION SYSTEM DESIGN PT,2.0 AU,
7273,EE4152 PT,DIGITAL COMMUNICATIONS PT,3.0 AU,E302 OR E312 OR EE3012
7274,EE4188 PT,WIRELESS COMMUNICATIONS PT,3.0 AU,E302 OR E312 OR EE3012
7275,EE4503 PT,POWER ENGINEERING DESIGN PT,2.0 AU,EE3010 & EE3015
7276,EE4530 PT,POWER SYSTEM ANALYSIS & CONTROL PT,3.0 AU,EE2005 OR EE3010 & EE3015
7277,EE4532 PT,POWER ELECTRONICS & DRIVES PT,3.0 AU,EE2005 OR EE3010 & EE3015
7278,EE4717 PT,WEB APPLICATION DESIGN PT,2.0 AU,
7279,EE4758 PT,INFORMATION SECURITY PT,3.0 AU,
7280,EE8061 PT,INNOVATION & TECHNOLOGY MANAGEMENT*# PT,3.0 AU,
7281,EE8094 PT,IMPACT OF ELECTROMAGNETIC RADIATION ON HUMANS*# PT,3.0 AU,
7282,ET0001 PT,ENTERPRISE & INNOVATION PT,1.0 AU,
7287,MA1002 PT,FUNDAMENTAL ENGINEERING MATERIALS PT,3.0 AU,
7295,MA2003 PT,INTRODUCTION TO THERMO-FLUIDS PT,3.0 AU,
7296,MA2004 PT,MANUFACTURING PROCESSES PT,3.0 AU,
7297,MA2005 PT,ENGINEERING GRAPHICS PT,3.0 AU,
7298,MA2009 PT,INTRODUCTION TO ELECTRICAL CIRCUITS & ELECTRONIC DEVICES* PT,3.0 AU,
7305,MA3001 PT,MACHINE ELEMENT DESIGN PT,3.0 AU,MA2001 (Min Grade :I) & MA2002 (Min Grade :I)
7306,MA3005 PT,CONTROL THEORY PT,3.0 AU,MA2006 (Min Grade :I)
7307,MA3010 PT,THERMODYNAMICS & HEAT TRANSFER PT,3.0 AU,MA2003
7314,MA4001 PT,ENGINEERING DESIGN PT,4.0 AU,MA3001 (Min Grade :I)
7315,MA4002 PT,FLUID DYNAMICS PT,3.0 AU,MA3006 OR MP2303 & MP2305 OR MP2003 & MP2005
7316,MA4838 PT,NON-CONVENTIONAL MANUFACTURING PROCESSES PT,3.0 AU,
7317,MA4842 PT,ENGINEERING METROLOGY PT,3.0 AU,
7318,MA4849 PT,OPERATIONS RESEARCH* PT,3.0 AU,
7319,MA4850 PT,SUPPLY CHAIN & LOGISTICS MANAGEMENT* PT,3.0 AU,
7328,CZ1003 PT,INTRODUCTION TO COMPUTATIONAL THINKING* PT,3.0 AU,
7329,CZ1005 PT,DIGITAL LOGIC* PT,3.0 AU,
7330,CZ1011 PT,ENGINEERING MATHEMATICS I* PT,3.0 AU,
7331,CZ3001 PT,ADVANCED COMPUTER ARCHITECTURE* PT,3.0 AU,CZ1006 OR CE1006
7335,CZ2001 PT,ALGORITHMS* PT,3.0 AU,U15% & onwards students are also required to read CE/CZ1012 CZ1001 & CZ1007 OR CE1001 & CE1007 OR CE1007 & MH1812 OR CZ1007 & MH1812
7336,CZ2002 PT,OBJECT ORIENTED DESIGN & PROGRAMMING* PT,3.0 AU,CZ1007 OR CE1007
7337,CZ2003 PT,COMPUTER GRAPHICS & VISUALISATION* PT,3.0 AU,CE1008 OR CZ1008 OR CE1011 OR CZ1011
7338,CZ2004 PT,HUMAN COMPUTER INTERACTION* PT,3.0 AU,
7341,CZ2005 PT,OPERATING SYSTEMS* PT,3.0 AU,CZ1006 & CZ1007 OR CE1006 & CE1007
7342,CZ2007 PT,INTRODUCTION TO DATABASES* PT,3.0 AU,CZ1007 & CZ2001(Corequisite) OR CE1007 & CE2001(Corequisite) OR CE1007 & CZ2001(Corequisite) OR CE2001(Corequisite) & CZ1007
7344,CZ3002 PT,ADVANCED SOFTWARE ENGINEERING* PT,3.0 AU,CZ2006 OR CE2006
7347,CZ4042 PT,NEURAL NETWORK & DEEP LEARNING* PT,3.0 AU,CZ1003 & CZ1007 & CZ1011 & CZ1012 OR CE1003 & CE1007 & CE1011 & CE1012
7348,CZ4045 PT,NATURAL LANGUAGE PROCESSING* PT,3.0 AU,CZ2001
7349,CZ4062 PT,COMPUTER SECURITY (SYSTEM SECURITY)* PT,3.0 AU,CZ2005
7350,CZ4068 PT,APPLICATION SECURITY* PT,3.0 AU,CZ2005 & CZ3006
7375,HF9101 ,INTRODUCTION TO CHINESE CREATIVE WRITING* ,3.0 AU,
7376,HF9601 ,CREATIVE WRITING: CHINESE CROSSMEDIA WRITING* ,3.0 AU,
7470,HZ9101 ,INTRODUCTION TO CREATIVE WRITING* ,3.0 AU,
7471,HZ9201 ,CREATIVE WRITING:POETRY* ,3.0 AU,HZ101 OR HZ9101
7472,HZ9202 ,CREATIVE WRITING:FICTION* ,3.0 AU,HZ101 OR HZ9101
7473,HZ9203 ,CREATIVE WRITING: NON FICTION PROSE* ,3.0 AU,HZ101 OR HZ9101
7474,HZ9204 ,CREATIVE WRITING: PLAYWRITING* ,3.0 AU,HZ9101
7475,HZ9301 ,ADVANCED CREATIVE WRITING* ,3.0 AU,HZ9101 & HZ9201 OR HZ9101 & HZ9202 OR HZ9101 & HZ9203 OR HZ9101 & HZ9204 OR HZ9101 & HZ9205 OR HL2020 & HZ9101
7476,ADP16A ,INTRODUCTION TO THEATRE & PERFORMANCE* ,3.0 AU,
7477,ADP26C ,ACTING: THE ACTOR'S VOICE & BODY* ,3.0 AU,"Open to students from ADM, SOH, SSS, WKWSCI CDP101 OR ADP16A"
7478,ADP26E ,PLAYWRITING & SCRIPT ANALYSIS* ,3.0 AU,"Open to students from ADM, SOH, SSS, WKWSCI CDP101 OR ADP16A"
7479,ADP26H ,DRAMATURGY & DIRECTING* ,3.0 AU,"Open to students from ADM, SOH, SSS, WKWSCI CDP101 OR ADP16A"
7480,AED16A ,PRACTICES & ISSUES IN EARLY CHILDHOOD EDUCATION* ,3.0 AU,
7481,AED16B ,CURRICULUM & ASSESSMENT IN EARLY CHILDHOOD EDUCATION* ,3.0 AU,
7482,AED16C ,LEARNING ENVIRONMENTS FOR YOUNG CHILDREN* ,3.0 AU,
7483,AED16D ,CHILD DEVELOPMENT IN EARLY CHILDHOOD EDUCATION* ,3.0 AU,
7484,AED16E ,DIVERSITY IN EARLY CHILDHOOD EDUCATION* ,3.0 AU,
7507,AED20B ,EDUCATIONAL PSY II:THEORIES & APPL FOR LEARNING & TEACHING* ,1.0 AU,Only offered to students taking Minor in Education Studies AED10A
7508,AED23C ,CRITICAL REASONING SKILLS FOR EFFECTIVE TEACHING* ,2.0 AU,
7509,AED28B ,CRITICAL PERSPECTIVES ON EDUCATION* ,3.0 AU,
7510,AED38A ,MOTIVATING PUPILS TO LEARN* ,3.0 AU,
7511,AED38B ,FACILITATING ASYNCHRONOUS ONLINE DISCUSSION* ,3.0 AU,
7512,AED38C ,DESIGNING ICT-BASED CONSTRUCTIVIST ACTIVITIES* ,2.0 AU,
7545,EM9105 ,ENERGY RESOURCES MANAGEMENT* ,3.0 AU,
7547,EM9104 ,AIR QUALITY MANAGEMENT* ,3.0 AU,
7554,ES8005 ,ENVIRONMENTAL EARTH SYSTEMS SCIENCE*# ,3.0 AU,
7560,BU8201 ,BUSINESS FINANCE*# ,3.0 AU,
7582,HU1001 ,INTRODUCTION TO GEOGRAPHY & URBAN PLANNING* ,3.0 AU,
7583,HU2002 ,URBAN LIFE & URBAN PLANNING* ,3.0 AU,
7584,HU2003 ,THE GEOGRAPHIES OF UNEVEN DEVELOPMENT* ,3.0 AU,
7585,HU2004 ,BORDERS* ,3.0 AU,
7615,EE8061 ,INNOVATION & TECHNOLOGY MANAGEMENT*# ,3.0 AU,
7616,EE8084 ,CYBER SECURITY*# ,3.0 AU,
7649,LA9003 ,ARABIC LANGUAGE LEVEL 3* ,3.0 AU,Placement Test or LA9002
7650,LC9003 ,CHINESE LANGUAGE LEVEL 3* ,3.0 AU,Placement Test or LC9002
7651,LF9003 ,FRENCH LANGUAGE LEVEL 3* ,3.0 AU,Placement Test or LF9002
7652,LG9003 ,GERMAN LANGUAGE LEVEL 3* ,3.0 AU,Placement Test or LG9002
7653,LG9004 ,GERMAN LANGUAGE LEVEL 4* ,3.0 AU,Placement Test or LG9003
7654,LG9005 ,GERMAN LANGUAGE LEVEL 5* ,3.0 AU,Placement Test or LG9004
7655,LJ9003 ,JAPANESE LANGUAGE LEVEL 3* ,3.0 AU,Placement Test or LJ9002
7656,LJ9004 ,JAPANESE LANGUAGE LEVEL 4* ,3.0 AU,Placement Test or LJ9003
7657,LK9003 ,KOREAN LANGUAGE LEVEL 3* ,3.0 AU,Placement Test or LK9002
7658,LK9004 ,KOREAN LANGUAGE LEVEL 4* ,3.0 AU,Placement Test or LK9003
7659,LK9005 ,KOREAN LANGUAGE LEVEL 5* ,3.0 AU,Placement Test or LK9004
7660,LM9003 ,MALAY LANGUAGE LEVEL 3* ,3.0 AU,Placement Test or LM9002
7661,LR9003 ,RUSSIAN LANGUAGE LEVEL 3* ,3.0 AU,Placement Test or LR9002
7662,LS9003 ,SPANISH LANGUAGE LEVEL 3* ,3.0 AU,Placement Test or LS9002
7684,AAI180 ,MUSICAL PRACTICES I (BAROQUE & CLASSICAL)* ,3.0 AU,
7685,AAI181 ,MUSICAL PRACTICES III (ROMANTIC & 20TH CENTURY)* ,3.0 AU,
7686,AAI182 ,FOUNDATIONS IN MUSICAL STUDIES I* ,3.0 AU,
7687,AAI28C ,PERCUSSION* ,3.0 AU,
7688,AAI38B ,STUDIES IN JAPANESE MUSIC* ,3.0 AU,
7689,AAI38D ,CHOIR I* ,3.0 AU,
7690,AAI38J ,BAND I* ,3.0 AU,
7691,AAI38N ,STUDIES IN INDONESIAN GAMELAN II* ,3.0 AU,
7692,AAI48A ,STUDIES IN CHINESE MUSIC* ,3.0 AU,
7693,AAI48B ,STUDIES IN MALAY MUSIC* ,3.0 AU,
7694,AAI48D ,CHOIR III* ,3.0 AU,
7695,AAI48J ,BAND III* ,3.0 AU,
7699,BU8401 ,MANAGEMENT DECISION TOOLS*# ,3.0 AU,
7700,BU8501 ,MARKETING FOR THE 21ST CENTURY*# ,3.0 AU,
7701,BU8502 ,MARKETING COMMUNICATIONS: AN INTEGRATED APPROACH*# ,3.0 AU,
7703,BU9201 ,INVESTMENTS* ,3.0 AU,MB102 OR BU8201 (Min Grade :B+)
7718,HY8002 ,LOGIC & CRITICAL THINKING*# ,3.0 AU,
7767,AED06C ,TEACHING STRATEGIES FOR INCLUSIVE EDUCATION* ,3.0 AU,
7768,AED06D ,ASSESSMENT OF SPECIAL NEEDS* ,3.0 AU,
7769,AED06E ,CONSULTATION & COLLABORATION WITH FAMILIES* ,3.0 AU,
7796,HT9101 ,"TRANSLATION: HISTORY, THEORIES & PRINCIPLES* ",3.0 AU,
7797,HT9102 ,LANGUAGE FOUNDATION FOR TRANSLATION* ,3.0 AU,
7798,HT9201 ,TRANSLATION: TECHNIQUES & PRACTICES* ,3.0 AU,
7799,HT9202 ,AUDIOVISUAL TRANSLATION* ,3.0 AU,
7800,HT9301 ,"LINGUISTICS, CULTURE & TRANSLATION* ",3.0 AU,
7801,HT9302 ,LITERARY TRANSLATION INTO CHINESE CONTEXT* ,3.0 AU,
7802,HT9401 ,"TRANSLATION: APPRECIATION, CRITICISM & EVALUATION* ",3.0 AU,'O' level Chinese/English B4 & above or a Pass in GP HT9101 & HT9102 & HT9201 & HT9202 OR HT9101 & HT9102 & HT9201 & HT9301 OR HT9101 & HT9102 & HT9201 & HT9302 OR HT9101 & HT9102 & HT9202 & HT9301 OR HT9101 & HT9102 & HT9202 & HT9302 OR HT9101 & HT9102 & HT9301 & HT9302
7803,AED28D ,BASIC COUNSELLING SKILLS FOR TEACHERS IN INITIAL TRG PROGRAM* ,3.0 AU,
7805,AED38G ,SPECIAL TOPICS IN YOUTH WORK & GUIDANCE* ,3.0 AU,
7809,HC8005 ,DIRECTED READINGS OF MODERN CHINESE SONG LYRICS (IN CHINESE)# ,3.0 AU,
7811,HG8001 ,LANGUAGE PUZZLE:THE STUDY OF HUMAN LANGUAGE# ,3.0 AU,
7812,HL8001 ,MADNESS IN LITERATURE & FILM# ,3.0 AU,
7813,HP8002 ,WORKING IN THE 21ST CENTURY# ,3.0 AU,
7814,HP8003 ,ARE YOU OKAY? MENTAL HEALTH IN SINGAPORE# ,3.0 AU,
7815,HP8005 ,INTRODUCTION TO HUMAN RESOURCE MANAGEMENT# ,3.0 AU,
7816,HP8006 ,PSYCHOLOGY OF CRISIS STRESS MANAGEMENT# ,3.0 AU,
7818,AB0301 ,LEGAL & ETHICAL ISSUES IN SUSTAINABILITY# ,3.0 AU,
7819,AB0502 ,MANAGING SUSTAINABILITY# ,3.0 AU,Only opened to NBS students. GC0001(Corequisite)
7820,AB0603 ,BUSINESS GONE GREEN: MANAGERIAL ISSUES# ,3.0 AU,Only opened to NBS students. GC0001(Corequisite)
7828,CS8060 ,INTRODUCTION TO ADVERTISING*# ,3.0 AU,
7830,MA8103 ,HUMAN RESOURCE MANAGEMENT# ,3.0 AU,
7831,RE8011 ,FUNDAMENTALS OF MANAGEMENT# ,3.0 AU,
7832,RE8013 ,FINANCIAL MANAGEMENT# ,3.0 AU,
7833,AB8401 ,DECISION MAKING WITH PROGRAMMING & ANALYTICS*# ,3.0 AU,
7835,BS8004 ,TRADITIONAL CHINESE MEDICINE: A PRIMER COURSE*# ,3.0 AU,
7836,BS8101 ,EXPLORING THE SCIENCE OF GOOD EATING EXPERIENCE*# ,3.0 AU,
7837,CM8002 ,FORENSIC SCIENCE*# ,3.0 AU,
7838,CM8022 ,APPLICATIONS OF FORENSIC SCIENCE*# ,1.0 AU,CM8012
7839,CS8207 ,"FIFTY DISCOVERIES, FIFTY INVENTIONS*# ",3.0 AU,
7842,EE8086 ,"ASTRONOMY - STARS, GALAXIES & COSMOLOGY*# ",3.0 AU,
7843,EE8094 ,IMPACT OF ELECTROMAGNETIC RADIATION ON HUMANS*# ,3.0 AU,
7844,EE8095 ,INNOVATION & COMMERCIALIZATION*# ,3.0 AU,
7847,MA8005 ,AIRCRAFT ELECTRICAL & ELECTRONICS CIRCUITS# ,3.0 AU,
7849,SU3001 ,INTEGRATED URBAN MANAGEMENT*# ,3.0 AU,
7850,BU8341 ,PRACTICAL ETHICS: THINKING ABOUT RIGHT & WRONG*# ,3.0 AU,
7851,BU8542 ,SOCIAL MARKETING - MAKING THE WORLD A BETTER PLACE*# ,3.0 AU,
7852,BU8641 ,CULTURAL INTELLIGENCE: HOW TO BE AN EXPLORER OF THE WORLD*# ,3.0 AU,
7853,BU8642 ,LEADERSHIP IN THE 21ST CENTURY*# ,3.0 AU,
7854,BU8643 ,CULTURAL INTELLIGENCE: MAKING THE WORLD YOUR CLASSROOM*# ,3.0 AU,
7855,HG8005 ,"GLOBAL LANGUAGES, LOCAL CULTURE# ",3.0 AU,
7860,BU8544 ,MARKETING HEALTH: CONSUMERS' PURSUIT OF WELLNESS*# ,3.0 AU,
7864,BU8644 ,SMARTER BRAIN? THE SCIENCE OF DECISION MAKING*# ,3.0 AU,
7865,CS8020 ,UNDERSTANDING WIKIPEDIA# ,3.0 AU,
7866,CS8888 ,ARTIFICIAL INTELLIGENCE & THE LAW*# ,3.0 AU,
7881,BG4211 ,CNYSP OVERSEAS FINAL YEAR PROJECT ,8.0 AU,
7882,CH4211 ,CNYSP OVERSEAS FINAL YEAR PROJECT ,8.0 AU,
7883,CY0002 ,ETHICS ,3.0 AU,
7884,CY0006 ,"ENTERPRISE, INNOVATION & LEADERSHIP ",3.0 AU,
7885,CY1001 ,INTRODUCTORY BIOLOGY ,3.0 AU,
7886,CY1101 ,PRINCIPLES OF MODERN CHEMISTRY ,3.0 AU,
7887,CY1308 ,PHYSICS ,3.0 AU,
7888,CY1500 ,INTRODUCTORY RESEARCH METHODOLOGY ,3.0 AU,
7889,CY1601 ,MATHEMATICS I ,4.0 AU,
7890,CY2001 ,RESEARCH ATTACHMENT 1 ,4.0 AU,
7891,SP0001 ,WRITING & REASONING ,3.0 AU,
7892,SP0005 ,QUANTITATIVE REASONING ,3.0 AU,
7893,LA9001 ,ARABIC LANGUAGE LEVEL 1* ,3.0 AU,
7894,LA9002 ,ARABIC LANGUAGE LEVEL 2* ,3.0 AU,Placement Test or LA9001
7896,LC9001 ,CHINESE LANGUAGE LEVEL 1* ,3.0 AU,
7897,LC9002 ,CHINESE LANGUAGE LEVEL 2* ,3.0 AU,Placement Test or LC9001
7899,LF9001 ,FRENCH LANGUAGE LEVEL 1* ,3.0 AU,
7900,LF9002 ,FRENCH LANGUAGE LEVEL 2* ,3.0 AU,Placement Test or LF9001
7902,LG9001 ,GERMAN LANGUAGE LEVEL 1* ,3.0 AU,
7903,LG9002 ,GERMAN LANGUAGE LEVEL 2* ,3.0 AU,Placement Test or LG9001
7907,LH9001 ,HINDI LANGUAGE LEVEL 1* ,3.0 AU,
7908,LI9001 ,ITALIAN LANGUAGE LEVEL 1* ,3.0 AU,
7909,LI9002 ,ITALIAN LANGUAGE LEVEL 2* ,3.0 AU,Placement Test or LI9001
7910,LJ9001 ,JAPANESE LANGUAGE LEVEL 1* ,3.0 AU,
7911,LJ9002 ,JAPANESE LANGUAGE LEVEL 2* ,3.0 AU,Placement Test or LJ9001
7914,LK9001 ,KOREAN LANGUAGE LEVEL 1* ,3.0 AU,
7915,LK9002 ,KOREAN LANGUAGE LEVEL 2* ,3.0 AU,Placement Test or LK9001
7919,LM9001 ,MALAY LANGUAGE LEVEL 1* ,3.0 AU,
7920,LM9002 ,MALAY LANGUAGE LEVEL 2* ,3.0 AU,Placement Test or LM9001
7922,LR9001 ,RUSSIAN LANGUAGE LEVEL 1* ,3.0 AU,
7924,LS9001 ,SPANISH LANGUAGE LEVEL 1* ,3.0 AU,
7925,LS9002 ,SPANISH LANGUAGE LEVEL 2* ,3.0 AU,Placement Test or LS9001
7927,LT9001 ,THAI LANGUAGE LEVEL 1* ,3.0 AU,
7928,LT9002 ,THAI LANGUAGE LEVEL 2* ,3.0 AU,Placement Test or LT9001
7929,LV9001 ,VIETNAMESE LANGUAGE LEVEL 1* ,3.0 AU,
7930,LX9001 ,LATIN LANGUAGE LEVEL 1* ,3.0 AU,
7931,LZ9001 ,TAMIL LANGUAGE LEVEL 1* ,3.0 AU,
7932,SP0011 ,MAJOR CONTEMPORARY ENVIRONMENTAL CHALLENGES ,3.0 AU,
7933,SP0084 ,COMMUNICATING GENDER: FROM BIOLOGY TO CULTURE ,3.0 AU,
7934,SP0072 ,"ENTERPRISE, INNOVATION & LEADERSHIP ",3.0 AU,
7935,SP0067 ,"CREATIVITY, COGNITION, & THE IMAGINATION ",3.0 AU,
7947,AB9101 ,BUSINESS VALUATION: FROM THEORY TO PRACTICE* ,3.0 AU,AC1102 OR AD1101 OR AB1101
7948,AB9102 ,FORENSIC ACCOUNTING & FRAUD INVESTIGATION* ,3.0 AU,AC1102 OR AD1101 OR AB1101
7956,DA9009 ,EXHIBITION DESIGN* ,3.0 AU,
7964,DD3012 ,RESEARCH METHODS IN ART & DESIGN* ,3.0 AU,
8014,BG9015 ,UNDERGRADUATE RESEARCH* ,4.0 AU,
8057,BL9311 ,LAW OF COMMERCIAL TRANSACTIONS* ,4.0 AU,
8058,BL9314 ,NEGOTIATION & DISPUTE RESOLUTION* ,4.0 AU,AB107 OR AB1301
8085,CH3111 ,PROCESS CONTROL & DYNAMICS* ,3.0 AU,BG2142 & CH1104 & CH2112 & CH2114 & MH1810 OR CH1104 & CH2112 & CH2114 & MH1810 & MS1016
8088,CH9015 ,UNDERGRADUATE RESEARCH* ,4.0 AU,
8089,CH9203 ,FOOD PROCESS ENGINEERING* ,5.0 AU,
8137,CM9001 ,CONCEPTUAL CHEMISTRY WITH LABORATORY* ,4.0 AU,
8138,CM9081 ,MEDICINAL CHEMISTRY* ,3.0 AU,By permission CBC113 & CBC121 OR CM1031 & CM1051 OR CM1051 & CM9001
8139,CM9083 ,HETEROCYCLIC CHEMISTRY* ,3.0 AU,By permission CM2031 OR CBC213
8140,CM9092 ,POLYMER CHEMISTRY* ,3.0 AU,By permission CM1031 OR CBC113
8141,CM9101 ,FOOD CHEMISTRY & NUTRITION* ,3.0 AU,By permission CM1031 & CM1051 OR CM1051 & CM9001 OR CBC113 & CBC121
8191,CS2066 ,FILM FESTIVAL PRACTICUM* ,3.0 AU,
8192,CS2068 ,ONLINE MAGAZINE PRACTICUM* ,3.0 AU,School's approval CS2021
8416,MH9000 ,MATHEMATICAL PROBLEM-SOLVING* ,2.0 AU,Approval by the Division MAS111 & MAS112 & MAS113 & MAS114 & MAS211 & MAS213 OR MTH111 & MTH112 & MTH113 & MTH114 & MTH115 OR MH1100 & MH1101 & MH1200 & MH1201 & MH1300 OR CY1601 & CY1602 & MH1201 & MH1300
8417,MH9100 ,ADVANCED INVESTIGATIONS IN CALCULUS I* ,1.0 AU,Approval by Division of Mathematical Sciences MH1100(Corequisite) OR MTH112(Corequisite)
8418,MH9102 ,ADVANCED INVESTIGATIONS IN CALCULUS III* ,1.0 AU,Approval by Division of Mathematical Sciences MH2100(Corequisite) OR MTH211(Corequisite)
8419,MH9200 ,ADVANCED INVESTIGATIONS IN LINEAR ALGEBRA I* ,1.0 AU,Approval by the Division of Mathematical Sciences MH1200(Corequisite) OR MTH114(Corequisite)
8424,MA9004 ,SYSTEMS THINKING & SYSTEMS ENGINEERING* ,3.0 AU,
8425,AAA08A ,ART AS COMMODITY* ,3.0 AU,
8426,AAA08B ,FASHION & DESIGN: WEARABLE ART AS A SECOND SKIN* ,3.0 AU,
8427,AAA08C ,EXPRESSIVE DRAWING: DEVELOPING PERSONAL APPROACH & STYLE* ,3.0 AU,
8428,AAA08D ,ABSTRACT PAINTING: WHY IT'S HERE & HOW IT'S MADE* ,3.0 AU,
8429,AAA08H ,VERBATIM THEATRE FOR THE CLASSROOM & STAGE* ,3.0 AU,
8430,AAA18D ,LIFE DRAWING* ,3.0 AU,
8431,AAA18E ,DRAWING* ,3.0 AU,
8432,AAA18G ,TABLETOP GAME DESIGN I* ,3.0 AU,
8433,AAA18H ,PAINTING WITH OIL & ACRYLIC* ,3.0 AU,
8434,AAA18J ,PAINTING WITH WATERCOLOUR* ,3.0 AU,
8435,AAA18K ,COMMUNICATION DESIGN* ,3.0 AU,
8436,AAA18L ,SILKSCREEN PRINTING* ,3.0 AU,
8437,AAA18M ,BATIK* ,3.0 AU,
8438,AAA18Q ,PRINTMAKING* ,3.0 AU,
8439,AAA18R ,SCULPTURE* ,3.0 AU,
8440,AAA28C ,DIGITAL MEDIA & VISUAL ARTS: STILL IMAGING* ,3.0 AU,
8441,AAA28H ,TRADITIONAL & CREATIVE CHINESE PAINTING* ,3.0 AU,
8442,AAA28J ,DIGITAL MEDIA & VISUAL ARTS:MOVING IMAGE* ,3.0 AU,
8443,AAA28Q ,INTERACTIVE ART* ,3.0 AU,
8444,AAA28R ,CERAMICS I* ,3.0 AU,
8445,AAA28S ,CERAMICS II* ,3.0 AU,
8446,AAA28T ,PERFORMANCE ART* ,3.0 AU,
8447,AAC18A ,CHINESE CALLIGRAPHY* ,3.0 AU,
8448,AAE28B ,INTRODUCTION TO CHILDREN'S LITERATURE* ,3.0 AU,
8452,AAI28A ,IMPROVISATION* ,3.0 AU,
8455,AAI38C ,CLASSICAL GUITAR I* ,3.0 AU,
8457,AAI38G ,VOICE* ,3.0 AU,
8463,AAI48G ,STUDIES IN POP AND JAZZ* ,3.0 AU,
8465,AAQ10A ,PRINCIPLES OF NUTRITION* ,3.0 AU,
8466,AAU08A ,THEATRE GAMES: ENGAGEMENT THROUGH PLAY* ,3.0 AU,
8467,AAU28B ,CREATIVE CLASSROOM:INTRODUCING DRAMA THRU IMAGINATION & PLAY* ,3.0 AU,
8468,AAU28C ,TWENTY-FIRST CENTURY LEARNING THROUGH THEATRE & DRAMA* ,3.0 AU,
8469,AAU28D ,VOICE STUDIES & PRODUCTION* ,3.0 AU,
8482,AED18A ,CURRICULUM DESIGN* ,3.0 AU,
8491,AGE08D ,DESIGNING LEARNING ENVIRONMENTS WITH THE INTERNET OF THINGS* ,3.0 AU,
8492,AGE18A ,PHYSICS OF GEMSTONES* ,3.0 AU,
8493,AGQ28B ,EVERYDAY SCIENCE IN FOODS* ,3.0 AU,
8494,AGQ28C ,FOOD & SOCIETY* ,3.0 AU,
8495,AGQ28E ,PERSONAL FINANCE* ,3.0 AU,
8496,AGQ28G ,TEXTILES STUDY* ,3.0 AU,
8497,ET9121 ,INTRODUCTION TO ENTREPRENEURSHIP* ,3.0 AU,
8498,ET9122 ,E-STARTUPS & SOCIAL MEDIA STRATEGIES* ,3.0 AU,
8595,HW9018 ,EFFECTIVE COMMUNICATION IN THE GLOBAL WORKPLACE* ,2.0 AU,
8635,CH9201 ,FOOD CHEMISTRY* ,5.0 AU,
8659,HN9010 ,SINGAPORE: IMAGINING THE NEXT 50 YEARS* ,3.0 AU,
